ID,title,jobDate,jobCondition,jobSector
https://www.saramin.co.kr/zf_user/jobs/relay/view?isMypage=no&rec_idx=50197283,2025년 대학생 인턴 모집 안내(소프트웨어직),~ 03/17(월) 홈페이지 지원,경기 수원시 경력무관 대졸↑ 인턴직,"Python, C++, AI(인공지능), 머신러닝, 딥러닝 외 수정일 25/03/10"
https://www.saramin.co.kr/zf_user/jobs/relay/view?isMypage=no&rec_idx=49563552,"[서울/경기] 수강료 0원 무료 취업교육생 과정모집(인공지능AI,빅데이터,풀스택,웹디자인,게임,메타버스)",~ 03/15(토) 입사지원,서울 종로구 신입·경력 학력무관 교육생,"Python, 웹개발, 백엔드/서버개발, Java, AI(인공지능) 외 수정일 25/02/12"
https://www.saramin.co.kr/zf_user/jobs/relay/view?isMypage=no&rec_idx=50044647,백앤드(인프라) 개발자 채용공고(솔루션 개발),~ 03/21(금) 입사지원,서울 강남구 신입 대졸↑ 정규직,"Python, 웹개발, 백엔드/서버개발, Java, 인프라 외 등록일 25/02/19"
https://www.saramin.co.kr/zf_user/jobs/relay/view?isMypage=no&rec_idx=50143582,[엠로] 2025년 상반기 신입사원 공개채용,~ 03/16(일) 홈페이지 지원,서울 영등포구 신입 대졸↑ 정규직,"웹개발, AI(인공지능), IT컨설팅, QA/테스터, 솔루션기술영업 외 수정일 25/03/06"
https://www.saramin.co.kr/zf_user/jobs/relay/view?isMypage=no&rec_idx=50122633,웹프로그래머 채용,상시채용 입사지원,서울 마포구 경력무관 고졸↑ 정규직,"Python, 웹개발, 백엔드/서버개발, Java, ASP 외 등록일 25/02/28"
https://www.saramin.co.kr/zf_user/jobs/relay/view?isMypage=no&rec_idx=50146415,[트랜스코스모스/여의도] 당사 CX개발1부 개발자 채용 Ms9J,~ 04/03(목) 입사지원,"서울 영등포구 신입 대졸↑ 정규직 3,100 만원","Python, 웹개발, 백엔드/서버개발, C++, Java 외 수정일 25/03/07"
https://www.saramin.co.kr/zf_user/jobs/relay/view?isMypage=no&rec_idx=49783243,[네오플] 프로그래밍/기술지원 직군 분야별 모집(근무지:서울),~ 03/17(월) 홈페이지 지원,서울 강남구 신입·경력 학력무관 정규직,"백엔드/서버개발, C++, C언어, Linux, 게임개발 외 수정일 25/02/25"
https://www.saramin.co.kr/zf_user/jobs/relay/view?isMypage=no&rec_idx=50173178,[리드넘버]JAVA 백엔드 개발자 채용 [신입 및 경력],~ 04/05(토) 입사지원,서울 구로구 경력무관 대졸↑ 정규직,"Python, 웹개발, 백엔드/서버개발, Java, Linux 외 등록일 25/03/06"
https://www.saramin.co.kr/zf_user/jobs/relay/view?isMypage=no&rec_idx=49997541,[CMES] Robot Innovation 본부 채용,~ 03/13(목) 입사지원,충남전체 경력 5~10년 초대졸↑ 정규직,"Python, C++, Java, AI(인공지능), SE(시스템엔지니어) 외 수정일 25/02/14"
https://www.saramin.co.kr/zf_user/jobs/relay/view?isMypage=no&rec_idx=50136515,[망고카] 프론트엔드 개발(신입/경력) 채용,~ 04/03(목) 입사지원,서울 영등포구 신입·경력 학력무관 정규직,"Python, 웹개발, 백엔드/서버개발, Java, 웹마스터 외 등록일 25/03/04"
https://www.saramin.co.kr/zf_user/jobs/relay/view?isMypage=no&rec_idx=50199192,[KMCP] AI 컴퓨터 비전 개발자,~ 04/09(수) 입사지원,부산 해운대구 경력무관 초대졸↑ 정규직,"웹개발, 백엔드/서버개발, AI(인공지능), 앱개발, 프론트엔드 외 등록일 25/03/10"
https://www.saramin.co.kr/zf_user/jobs/relay/view?isMypage=no&rec_idx=50043244,[(주)바딧] 백엔드 개발자 채용공고 - 신입 (채용시 마감),채용시 입사지원,서울 금천구 신입 학력무관 정규직,"백엔드/서버개발, Hardware 수정일 25/02/19"
https://www.saramin.co.kr/zf_user/jobs/relay/view?isMypage=no&rec_idx=49783236,[네오플] 게임그래픽 직군 분야별 모집 (근무지 : 서울),~ 03/17(월) 홈페이지 지원,서울 강남구 경력무관 학력무관 정규직,"게임개발, 모델링, 게임디자인, 모바일디자인, 애니메이터 외 수정일 25/03/05"
https://www.saramin.co.kr/zf_user/jobs/relay/view?isMypage=no&rec_idx=50096300,[㈜테크웨이즈] 각 부문별 신입·경력사원 모집,~ 03/18(화) 입사지원,경기 용인시 수지구 신입·경력 고졸↑ 정규직,"Python, AI(인공지능), SE(시스템엔지니어), 기술지원, SI개발 외 수정일 25/02/26"
https://www.saramin.co.kr/zf_user/jobs/relay/view?isMypage=no&rec_idx=50004869,[NIKE PARTNER] 데이터 사이언티스트 채용,~ 03/16(일) 입사지원,서울 영등포구 경력무관 초대졸↑ 계약직,"Python, 웹개발, 백엔드/서버개발, 데이터분석가, 앱개발 외 등록일 25/02/14"
https://www.saramin.co.kr/zf_user/jobs/relay/view?isMypage=no&rec_idx=50154032,프로그램 개발자 신입/경력사원 채용 공고,~ 04/04(금) 입사지원,서울 중랑구 신입 학력무관 정규직,"Python, 웹개발, Java, MSSQL, OracleDB 외 등록일 25/03/05"
https://www.saramin.co.kr/zf_user/jobs/relay/view?isMypage=no&rec_idx=50109954,[상시채용] 주식회사 대륜 부산 개발팀 부문별 모집,상시채용 입사지원,부산 해운대구 경력무관 대졸↑ 정규직,"웹개발, 백엔드/서버개발, Java, 데이터분석가, 앱개발 외 수정일 25/02/27"
https://www.saramin.co.kr/zf_user/jobs/relay/view?isMypage=no&rec_idx=49797744,서울대학교병원 AI/데이터사이언스 연구원 및 대학원생 채용,~ 03/19(수) 입사지원,서울 종로구 경력무관 대졸↑ 계약직,"AI(인공지능), 머신러닝, 딥러닝, 데이터분석가, 데이터엔지니어 외 등록일 25/01/18"
https://www.saramin.co.kr/zf_user/jobs/relay/view?isMypage=no&rec_idx=50090534,[웨이즈원(주)] ITS 애플리케이션 개발 직무 채용,~ 03/27(목) 입사지원,경기 성남시 분당구 신입·경력 대졸↑ 정규직,"Python, 웹개발, 백엔드/서버개발, C++, AI(인공지능) 외 등록일 25/02/25"
https://www.saramin.co.kr/zf_user/jobs/relay/view?isMypage=no&rec_idx=50201890,[데이터분석] 데이터분석가 채용 공고,~ 04/09(수) 입사지원,부산 부산진구 경력무관 학력무관 정규직,"머신러닝, 딥러닝, 데이터분석가, 데이터라벨링, 데이터마이닝 외 등록일 25/03/10"
https://www.saramin.co.kr/zf_user/jobs/relay/view?isMypage=no&rec_idx=50109863,[상시채용] 주식회사 대륜 서울 개발팀 부문별 모집,상시채용 입사지원,서울 영등포구 경력무관 대졸↑ 정규직,"웹개발, 백엔드/서버개발, Java, 데이터분석가, 앱개발 외 수정일 25/02/27"
https://www.saramin.co.kr/zf_user/jobs/relay/view?isMypage=no&rec_idx=50196320,[서울/광고플랫폼] 백엔드 엔지니어 채용,~ 04/09(수) 입사지원,서울 강남구 경력 1~5년 학력무관 정규직,"Python, 백엔드/서버개발, Java, 알고리즘, 클라우드 외 등록일 25/03/10"
https://www.saramin.co.kr/zf_user/jobs/relay/view?isMypage=no&rec_idx=50193556,25년 상반기(3월)생산기술 신입사원 수시채용(제품기술_파우치),~ 03/19(수) 홈페이지 지원,대전 유성구 신입 대졸↑,"Python, 데이터분석가, R, 설계엔지니어, CATIA 외 수정일 25/03/10"
https://www.saramin.co.kr/zf_user/jobs/relay/view?isMypage=no&rec_idx=50176657,[ 한국정보통신기술협회 ] 소프트웨어 시험인증 연구원,~ 03/14(금) 입사지원,"경기 성남시 분당구 경력무관 대졸↑ 계약직·파견직 3,200 만원","Python, 웹개발, 백엔드/서버개발, C++, Java 외 등록일 25/03/07"
https://www.saramin.co.kr/zf_user/jobs/relay/view?isMypage=no&rec_idx=50033110,(주)동화엔텍 DT추진팀 AI 및 RPA 개발자 인재 모집,~ 03/20(목) 입사지원,부산 강서구 경력3년↑ 대졸↑ 정규직,"웹개발, 백엔드/서버개발, Java, AI(인공지능), SE(시스템엔지니어) 외 수정일 25/02/21"
https://www.saramin.co.kr/zf_user/jobs/relay/view?isMypage=no&rec_idx=50053893,채용연계형 개발자 인턴십 모집 - Front-End 개발자,~ 03/22(토) 홈페이지 지원,경기 성남시 분당구 신입 학력무관 정규직·인턴직,"웹개발, 백엔드/서버개발, 앱개발, 뱅킹·빌링 수정일 25/02/20"
https://www.saramin.co.kr/zf_user/jobs/relay/view?isMypage=no&rec_idx=50165547,S/W QA & Test Engineer (신입/경력) 모집합니다.,~ 04/05(토) 입사지원,서울 구로구 경력무관 초대졸↑ 정규직·프리랜서,"Python, 백엔드/서버개발, Java, SE(시스템엔지니어), Linux 외 등록일 25/03/06"
https://www.saramin.co.kr/zf_user/jobs/relay/view?isMypage=no&rec_idx=49811703,계룡건설_빅데이터 기반 Green Tech SW 개발자 교육생 모집,~ 03/18(화) 입사지원,대전 서구 경력무관 대졸↑ 교육생,"Python, Java, AI(인공지능), 머신러닝, Linux 외 수정일 25/01/24"
https://www.saramin.co.kr/zf_user/jobs/relay/view?isMypage=no&rec_idx=49536432,"㈜위즈코리아/㈜위즈COK SE(시스템 엔지니어), PM 채용",~ 03/31(월) 입사지원,서울 강서구 신입·경력 학력무관 정규직·병역특례,"웹개발, 백엔드/서버개발, Linux, 유지보수, 정보보안 외 수정일 25/02/27"
https://www.saramin.co.kr/zf_user/jobs/relay/view?isMypage=no&rec_idx=49851884,"개발자,AI/데이터 신입/경력 모집.",~ 03/31(월) 입사지원,서울 강남구 경력무관 학력무관 정규직,"웹개발, 백엔드/서버개발, C++, Java, AI(인공지능) 외 수정일 25/03/06"
https://www.saramin.co.kr/zf_user/jobs/relay/view?isMypage=no&rec_idx=50136857,[백엔드/풀스택 개발자] 경력 및 신입 모집,~ 04/03(목) 입사지원,서울 강남구 경력무관 학력무관 정규직,"Python, 웹개발, 백엔드/서버개발, AI(인공지능), 머신러닝 외 등록일 25/03/04"
https://www.saramin.co.kr/zf_user/jobs/relay/view?isMypage=no&rec_idx=49677291,"2025년 나비엠알오 수입무역,회계 정규직 채용공고",~ 03/16(일) 입사지원,서울 금천구 신입·경력 대졸↑ 정규직,"Python, Java, 데이터분석가, RDBMS, iBATIS 외 수정일 25/03/11"
https://www.saramin.co.kr/zf_user/jobs/relay/view?isMypage=no&rec_idx=50196055,[카카오자회사] DBA 영입,~ 04/09(수) 입사지원,경기 성남시 분당구 경력 1~16년 학력무관 정규직,"데이터엔지니어, DBA, DBMS, RDBMS, OracleDB 외 등록일 25/03/10"
https://www.saramin.co.kr/zf_user/jobs/relay/view?isMypage=no&rec_idx=50157086,웹 프로그래머 / FPGA 프로그래머 / AI 모델 개발 채용,~ 03/31(월) 입사지원,서울 강남구 신입·경력 초대졸↑ 정규직,"웹개발, C++, Java, AI(인공지능), C언어 외 수정일 25/03/10"
https://www.saramin.co.kr/zf_user/jobs/relay/view?isMypage=no&rec_idx=50158018,[서비스운영 및 데이터분석] 2025년 한국평가데이터 계약직원,~ 05/04(일) 홈페이지 지원,서울 영등포구 경력무관 대졸↑ 계약직,"데이터분석가, 서비스기획, 데이터분석, 리스크 관리, 금융기관 수정일 25/03/05"
https://www.saramin.co.kr/zf_user/jobs/relay/view?isMypage=no&rec_idx=50190376,"충전기, 모빌리티 운영플랫폼 개발 및 빅데이터 처리 엔지니어",~ 05/07(수) 입사지원,경기 화성시 신입·경력 대졸↑ 정규직·계약직,"Python, 웹개발, 백엔드/서버개발, C++, Java 외 등록일 25/03/08"
https://www.saramin.co.kr/zf_user/jobs/relay/view?isMypage=no&rec_idx=49871395,[2025] 백엔드 / 웹 프론트 개발자 모집,~ 04/05(토) 입사지원,서울 구로구 경력무관 초대졸↑ 정규직·계약직,"웹개발, 백엔드/서버개발, 데이터 사이언티스트, 디자인회사, 전시·공간디자인 등록일 25/02/04"
https://www.saramin.co.kr/zf_user/jobs/relay/view?isMypage=no&rec_idx=50081894,[Nexon Company] nmp 데이터엔지니어 인재 모집,~ 03/26(수) 홈페이지 지원,서울 송파구 경력5년↑ 학력무관 정규직,"Python, Linux, 데이터분석가, 데이터엔지니어, MariaDB 외 수정일 25/02/25"
https://www.saramin.co.kr/zf_user/jobs/relay/view?isMypage=no&rec_idx=50053677,[제이시스메디칼] 각 부문 신입/경력 채용,~ 03/23(일) 입사지원,서울 금천구 신입·경력 고졸↑ 정규직,"C++, C언어, 유지보수, 임베디드, 펌웨어 외 수정일 25/03/06"
https://www.saramin.co.kr/zf_user/jobs/relay/view?isMypage=no&rec_idx=50111309,SW개발자 채용-신입,~ 03/29(토) 입사지원,서울 성동구 신입 초대졸↑ 정규직,"Python, 웹개발, 백엔드/서버개발, Java, 프론트엔드 외 등록일 25/02/27"
https://www.saramin.co.kr/zf_user/jobs/relay/view?isMypage=no&rec_idx=50196116,[ESLIM KOREA] Junior A.I Engineer Recruitment,~ 04/09(수) 입사지원,서울 금천구 신입 대졸↑ 정규직,"Python, C++, 머신러닝, 딥러닝, SE(시스템엔지니어) 외 수정일 25/03/10"
https://www.saramin.co.kr/zf_user/jobs/relay/view?isMypage=no&rec_idx=50172641,백엔드 개발자 채용,~ 04/04(금) 점핏에서 지원,서울 강남구 경력 2~10년 학력무관 정규직,"Python, 웹개발, 백엔드/서버개발, DBA, 인프라 외 등록일 25/03/06"
https://www.saramin.co.kr/zf_user/jobs/relay/view?isMypage=no&rec_idx=50054792,벤츠 공식딜러 HS효성더클래스(주) IT 경력직 모집,채용시 입사지원,서울 강남구 경력 8~12년 대졸↑ 정규직,"Python, 웹개발, Java, Linux, 유지보수 외 수정일 25/02/20"
https://www.saramin.co.kr/zf_user/jobs/relay/view?isMypage=no&rec_idx=50197788,'25년 상반기 각 부문 정규직 채용,~ 04/09(수) 입사지원,경기 용인시 처인구 신입·경력 학력무관 정규직,"Python, 백엔드/서버개발, C++, Java, 머신러닝 외 수정일 25/03/11"
https://www.saramin.co.kr/zf_user/jobs/relay/view?isMypage=no&rec_idx=49920861,스타트업 개발자 2인 모집,~ 03/14(금) 입사지원,서울 동대문구 경력무관 초대졸↑ 계약직 300 만원,"웹개발, 백엔드/서버개발, SE(시스템엔지니어), 앱개발, 퍼블리셔 외 수정일 25/02/19"
https://www.saramin.co.kr/zf_user/jobs/relay/view?isMypage=no&rec_idx=50006354,AI영상처리&머신비전 알고리즘,~ 03/15(토) 입사지원,경기 안양시 신입·경력 초대졸↑ 정규직,"Python, C++, C#, OpenCV, Tensorflow 외 수정일 25/02/21"
https://www.saramin.co.kr/zf_user/jobs/relay/view?isMypage=no&rec_idx=49863029,주니어 데이터 사이언티스트 채용 공고,채용시 입사지원,서울 강남구 신입 대졸↑ 정규직·해외취업,"머신러닝, 딥러닝, 데이터분석가, 데이터엔지니어, 데이터 사이언티스트 외 등록일 25/02/03"
https://www.saramin.co.kr/zf_user/jobs/relay/view?isMypage=no&rec_idx=50159583,[백엔드 개발자] 백엔드/서버개발 경력직 모집,~ 05/04(일) 입사지원,서울 구로구 경력무관 학력무관 정규직,"백엔드/서버개발, 종합포털 등록일 25/03/05"
https://www.saramin.co.kr/zf_user/jobs/relay/view?isMypage=no&rec_idx=50186839,웹 개발 관리자 채용,~ 04/05(토) 입사지원,서울 강남구 경력 7~10년 대졸↑ 정규직,"Python, 웹개발, 백엔드/서버개발, 퍼블리셔, 프론트엔드 외 등록일 25/03/07"
https://www.saramin.co.kr/zf_user/jobs/relay/view?isMypage=no&rec_idx=50027456,로데슈바르즈코리아 R&D 소프트웨어 개발자 신입/경력직(서울),채용시 입사지원,서울 강남구 신입·경력 대졸↑ 정규직,"Python, C++, Java, 알고리즘, 아키텍쳐 외 등록일 25/02/18"
https://www.saramin.co.kr/zf_user/jobs/relay/view?isMypage=no&rec_idx=50107801,[원주/네오아리아] 개발자(Frontend/Backend) 신규 및 경력,~ 03/31(월) 입사지원,강원 원주시 경력무관 대졸↑ 정규직,"웹개발, Java, Ajax, JPA, JSP 외 수정일 25/03/07"
https://www.saramin.co.kr/zf_user/jobs/relay/view?isMypage=no&rec_idx=50200343,백엔드 개발자 (전환형 인턴),~ 03/21(금) 홈페이지 지원,서울 강남구 경력무관 대졸↑ 인턴직,"백엔드/서버개발, 소프트웨어개발 등록일 25/03/10"
https://www.saramin.co.kr/zf_user/jobs/relay/view?isMypage=no&rec_idx=50124808,[SOOP] 데이터 분석 및 지표 설계,~ 03/16(일) 입사지원,경기 성남시 분당구 경력 3~10년 학력무관 정규직,"Python, 데이터분석가, 데이터엔지니어, 데이터마이닝, 데이터시각화 외 등록일 25/02/28"
https://www.saramin.co.kr/zf_user/jobs/relay/view?isMypage=no&rec_idx=50201969,아트만파트너스 Web 개발자(ERP 시스템 등) 모집 공고,채용시 입사지원,서울 강남구 신입·경력 초대졸↑ 정규직,"백엔드/서버개발, Java, 데이터엔지니어, 데이터시각화, 솔루션 외 수정일 25/03/10"
https://www.saramin.co.kr/zf_user/jobs/relay/view?isMypage=no&rec_idx=50157566,1yr Internship: Automotive Sensor,~ 04/04(금) 입사지원,서울 강남구 신입 대졸↑ 인턴직,"Python, C언어, 임베디드, 반도체 등록일 25/03/05"
https://www.saramin.co.kr/zf_user/jobs/relay/view?isMypage=no&rec_idx=50075192,[신입] 클라우드(Cloud) 운영 엔지니어 모집,~ 03/26(수) 입사지원,서울 강남구 신입 초대졸↑ 정규직,"SE(시스템엔지니어), 기술지원, 유지보수, 정보보안, IT컨설팅 외 등록일 25/02/24"
https://www.saramin.co.kr/zf_user/jobs/relay/view?isMypage=no&rec_idx=50146570,C++ 소프트웨어 개발자(신입),~ 04/03(목) 입사지원,서울전체 신입·경력 학력무관 정규직,"Python, C++, C언어, SE(시스템엔지니어), Linux 외 등록일 25/03/04"
https://www.saramin.co.kr/zf_user/jobs/relay/view?isMypage=no&rec_idx=50062830,SOC 경력 정규직 채용,~ 03/22(토) 입사지원,서울 중구 경력 2~12년 대졸↑ 정규직,"Python, 백엔드/서버개발, SE(시스템엔지니어), Linux, 데이터분석가 외 수정일 25/02/21"
https://www.saramin.co.kr/zf_user/jobs/relay/view?isMypage=no&rec_idx=50090085,오토닉스(진천) 생산기술팀 정규직 채용,~ 03/16(일) 입사지원,"충북 진천군 신입·경력 대졸↑ 정규직 6,000 만원","기계조작원, 공정엔지니어, 공정설계, 기계설계, 시스템설계 외 수정일 25/02/25"
https://www.saramin.co.kr/zf_user/jobs/relay/view?isMypage=no&rec_idx=50040659,"[여의도/연3,100이상] 나이스평가정보 데이터분석 담당자 모집",~ 03/21(금) 입사지원,"서울 영등포구 경력무관 초대졸↑ 계약직·파견직 3,200 만원","Python, 데이터분석가, 정보보안, 데이터시각화, 빅데이터 외 수정일 25/02/28"
https://www.saramin.co.kr/zf_user/jobs/relay/view?isMypage=no&rec_idx=50168105,[동국시스템즈] AI프로젝트 관리/운영자 모집(포항근무),~ 03/16(일) 입사지원,경북 포항시 남구 경력4년↑ 대졸↑ 정규직,"Python, Java, AI(인공지능), 머신러닝, Django 외 등록일 25/03/06"
https://www.saramin.co.kr/zf_user/jobs/relay/view?isMypage=no&rec_idx=50158335,"[재공고 / AI ]더존비즈온 AI 분야 경력자 채용(엔지니어, TA)",~ 03/23(일) 홈페이지 지원,강원 춘천시 경력1년↑ 학력무관 정규직,"Python, 웹개발, 백엔드/서버개발, AI(인공지능), Linux 외 등록일 25/03/05"
https://www.saramin.co.kr/zf_user/jobs/relay/view?isMypage=no&rec_idx=50207538,TYM 경력사원 모집 (서울/용산),~ 04/10(목) 홈페이지 지원,서울 용산구 경력무관 대졸↑ 정규직,"감사, 내부감사, HRD, 해외영업, 무역거래 외 등록일 25/03/11"
https://www.saramin.co.kr/zf_user/jobs/relay/view?isMypage=no&rec_idx=50176504,[알바천국] 웹개발자 정규직 모집,~ 03/27(목) 입사지원,서울 강남구 경력 3~10년 초대졸↑ 정규직,"Python, 웹개발, 프론트엔드, .NET, ASP 외 등록일 25/03/07"
https://www.saramin.co.kr/zf_user/jobs/relay/view?isMypage=no&rec_idx=49780009,삼양식품(주) - Healthcare BU Bioinformatics담당 연구원 채용,~ 03/16(일) 홈페이지 지원,서울 성동구 경력2년↑ 대졸↑ 정규직,"Python, 머신러닝, 딥러닝, MySQL, R&D 외 등록일 25/01/15"
https://www.saramin.co.kr/zf_user/jobs/relay/view?isMypage=no&rec_idx=50167065,신세계건설(주) BIM 경력사원 채용,~ 03/23(일) 홈페이지 지원,서울 중구 경력5년↑ 학력무관 정규직,"BIM, TEKLA, Navisworks, Revit, 건설회사 등록일 25/03/06"
https://www.saramin.co.kr/zf_user/jobs/relay/view?isMypage=no&rec_idx=49765893,AI & MLOps 플랫폼 프론트엔드/백엔드 개발 채용공고,상시채용 입사지원,서울 중구 경력무관 학력무관 정규직,"Python, 웹개발, AI(인공지능), 빅데이터, Nginx 외 수정일 25/01/17"
https://www.saramin.co.kr/zf_user/jobs/relay/view?isMypage=no&rec_idx=50182970,분산스토리지 개발 담당자,~ 03/17(월) 점핏에서 지원,서울전체 신입·경력 대졸↑ 정규직,"Python, 웹개발, 백엔드/서버개발, Java, SE(시스템엔지니어) 외 등록일 25/03/07"
https://www.saramin.co.kr/zf_user/jobs/relay/view?isMypage=no&rec_idx=49858888,[메타엠]기업부설연구소 AICC 개발실 개발자 채용,채용시 입사지원,서울 중구 경력무관 학력무관 정규직,"Python, 웹개발, 백엔드/서버개발, Java, AI(인공지능) 외 수정일 25/03/10"
https://www.saramin.co.kr/zf_user/jobs/relay/view?isMypage=no&rec_idx=50193537,(주)사이키바이오텍 R&D 연구원 채용,~ 03/16(일) 입사지원,대전 유성구 경력무관 대졸↑ 정규직,"연구원, 임상PM, CRA(임상연구원), CRM(임상연구전문가), R&D 외 등록일 25/03/10"
https://www.saramin.co.kr/zf_user/jobs/relay/view?isMypage=no&rec_idx=50073437,[인천 송도 근무] 마케팅 일반 사무직 채용,채용시 입사지원,인천 연수구 경력무관 학력무관 정규직,"사무직, 문서작성, 사무보조, 사무행정, 사이트관리 외 수정일 25/02/24"
https://www.saramin.co.kr/zf_user/jobs/relay/view?isMypage=no&rec_idx=50128756,HD현대 AMC사이언스 '25년 신입 및 경력사원 모집,~ 03/17(월) 홈페이지 지원,서울 송파구 신입·경력 대졸↑ 정규직·계약직,"연구원, R&D, R&D기획, 전략기획, 사업개발 외 수정일 25/03/07"
https://www.saramin.co.kr/zf_user/jobs/relay/view?isMypage=no&rec_idx=50202952,[캐시워크] 데이터분석 담당 채용전환형 인턴,~ 05/09(금) 입사지원,서울 강남구 신입 대졸↑ 인턴직,"Python, 머신러닝, 데이터분석가, 데이터엔지니어, 데이터라벨링 외 등록일 25/03/10"
https://www.saramin.co.kr/zf_user/jobs/relay/view?isMypage=no&rec_idx=49878074,"[C#, Revit] 부설연구소 BIM 자동화 소프트웨어 개발자 채용",~ 03/28(금) 입사지원,서울 강동구 경력무관 대졸↑ 정규직,"Python, S/W, .NET, C#, WPF 외 수정일 25/02/07"
https://www.saramin.co.kr/zf_user/jobs/relay/view?isMypage=no&rec_idx=50186667,2025 (주)미래와도전 상반기 부문별 신입 및 경력 채용,~ 03/31(월) 입사지원,경기 용인시 기흥구 신입·경력 대졸↑ 정규직,"Python, 웹개발, 백엔드/서버개발, C++, Java 외 수정일 25/03/10"
https://www.saramin.co.kr/zf_user/jobs/relay/view?isMypage=no&rec_idx=50146424,[아이아이컴바인드] 로봇 소프트웨어 엔지니어 채용 - ROS2,~ 05/03(토) 입사지원,서울 마포구 신입·경력 대졸↑ 정규직,"Python, C++, 로봇설계, 전자제어, ROS2 외 등록일 25/03/04"
https://www.saramin.co.kr/zf_user/jobs/relay/view?isMypage=no&rec_idx=50193231,코스닥상장사 (주)지아이텍 연구소(연구개발지원팀/신입)채용,채용시 입사지원,충남 아산시 경력무관 대졸↑ 정규직,"연구원, R&D, 기술연구, 공정분석, 정부과제 외 등록일 25/03/10"
https://www.saramin.co.kr/zf_user/jobs/relay/view?isMypage=no&rec_idx=50186220,메가스터디 입시전략연구소 데이터 분석 담당자,~ 03/23(일) 홈페이지 지원,서울 서초구 신입 대졸↑ 정규직,"통계/분석, 리서치, 데이터분석, 시장조사, 모의고사 외 등록일 25/03/07"
https://www.saramin.co.kr/zf_user/jobs/relay/view?isMypage=no&rec_idx=49806599,바이오 벤처 분야별 혁신 인재 채용,~ 03/21(금) 입사지원,서울 용산구 경력 석사↑ 정규직,"연구원, R&D, R&D기획, 기술연구, 생명과학 외 수정일 25/03/07"
https://www.saramin.co.kr/zf_user/jobs/relay/view?isMypage=no&rec_idx=50158647,[미국취업] 바이오기업 PSOMAGEN 미국본사-Lab연구원 채용,~ 04/04(금) 입사지원,미국 신입·경력 대졸↑ 계약직·해외취업,"CRA(임상연구원), 조직병리, 연구원, 임상PM, CRA(임상연구원) 외 등록일 25/03/05"
https://www.saramin.co.kr/zf_user/jobs/relay/view?isMypage=no&rec_idx=50125710,[KSTEC] Python 시스템 개발 신입사원 채용,~ 03/31(월) 입사지원,경기 성남시 분당구 신입 대졸↑ 정규직,"Python, Java, AI(인공지능), OCR, RPA 외 등록일 25/02/28"
https://www.saramin.co.kr/zf_user/jobs/relay/view?isMypage=no&rec_idx=49809406,"AI 개발(Python), 데이터분석 및 사업 기획 모집",채용시 입사지원,서울 강남구 신입·경력 대졸↑ 정규직,"머신러닝, 데이터분석가, 빅데이터, 크롤링, Pandas 외 수정일 25/03/10"
https://www.saramin.co.kr/zf_user/jobs/relay/view?isMypage=no&rec_idx=50090000,[경력] Solution/SW 개발자 채용 - Java/Python,~ 03/27(목) 입사지원,서울 강남구 경력무관 학력무관 정규직,"Python, 웹개발, 백엔드/서버개발, Java, 프론트엔드 외 등록일 25/02/25"
https://www.saramin.co.kr/zf_user/jobs/relay/view?isMypage=no&rec_idx=50087757,"Django, SaaS 개발자(python / 리드급) 채용공고",상시채용 입사지원,경기 오산시 경력10년↓ 대졸↑ 정규직,"Python, 네트워크, IoT, Keras, Pytorch 외 등록일 25/02/25"
https://www.saramin.co.kr/zf_user/jobs/relay/view?isMypage=no&rec_idx=49834058,[재택근무] REACT · PHP · PYTHON 개발자 모집,~ 03/25(화) 입사지원,서울 양천구 경력3년↑ 초대졸↑ 정규직,"Python, 웹개발, 백엔드/서버개발, 머신러닝, 딥러닝 외 수정일 25/03/10"
https://www.saramin.co.kr/zf_user/jobs/relay/view?isMypage=no&rec_idx=49749670,[솔루션] 백엔드 개발자 모집(python),오늘마감 입사지원,서울 강남구 경력무관 대졸↑ 정규직,"Python, 백엔드/서버개발, Java, 프론트엔드, 솔루션 외 등록일 25/01/10"
https://www.saramin.co.kr/zf_user/jobs/relay/view?isMypage=no&rec_idx=50195340,Python / Node / React 개발자,~ 04/08(화) 입사지원,경기 부천시 경력 2~5년 초대졸↑ 정규직,"Python, 웹개발, 백엔드/서버개발, 퍼블리셔, 프론트엔드 외 등록일 25/03/10"
https://www.saramin.co.kr/zf_user/jobs/relay/view?isMypage=no&rec_idx=50167665,엔이에스 Python 개발자 채용,~ 04/05(토) 입사지원,충북 청주시 청원구 경력 학력무관 정규직,"Python, 웹개발, 네트워크, 인프라, 고객관리 외 수정일 25/03/06"
https://www.saramin.co.kr/zf_user/jobs/relay/view?isMypage=no&rec_idx=50134584,기업연구소에서 C와 Python으로 SW 개발할 분을 구합니다,~ 03/27(목) 입사지원,대전 대덕구 경력무관 대졸↑ 정규직·계약직,"딥러닝, 기술지원, 아두이노, 임베디드리눅스, 개발PM 외 등록일 25/03/03"
https://www.saramin.co.kr/zf_user/jobs/relay/view?isMypage=no&rec_idx=50183574,ROS 기반 UGV 개발자 모집 (Python 외),~ 05/06(화) 입사지원,대전 유성구 경력무관 대졸↑ 정규직,"Python, 로봇설계, 무인항공기/드론, 자동제어, 전자 외 수정일 25/03/10"
https://www.saramin.co.kr/zf_user/jobs/relay/view?isMypage=no&rec_idx=49824766,소프트웨어 엔지니어 인턴 모집 (Python),~ 03/24(월) 입사지원,서울 관악구 경력무관 대졸↑ 인턴직,"Python, 머신러닝, Linux, S/W, SDK 외 등록일 25/01/23"
https://www.saramin.co.kr/zf_user/jobs/relay/view?isMypage=no&rec_idx=50063892,[웹개발] Python React AI 개발자 모집,채용시 입사지원,서울 금천구 경력무관 대졸↑ 정규직,"웹개발, AI(인공지능), 머신러닝, 앱개발, 데이터라벨링 외 수정일 25/02/27"
https://www.saramin.co.kr/zf_user/jobs/relay/view?isMypage=no&rec_idx=50197114,파이썬(Python) 백엔드 개발자 모십니다,내일마감 입사지원,서울 강남구 경력무관 고졸↑ 정규직·계약직,"Python, 백엔드/서버개발, 앱개발, 프론트엔드, Android 외 등록일 25/03/10"
https://www.saramin.co.kr/zf_user/jobs/relay/view?isMypage=no&rec_idx=50127959,[경력3년이상]프론트엔드 개발자 (React / Next.js / Python),~ 03/14(금) 입사지원,서울 송파구 경력 대졸↑ 정규직,"Python, 프론트엔드, Django, Git, GraphQL 외 수정일 25/03/07"
https://www.saramin.co.kr/zf_user/jobs/relay/view?isMypage=no&rec_idx=50091091,Python 개발자 [경력],~ 03/26(수) 점핏에서 지원,서울 강남구 경력 3~10년 대졸↑ 정규직,"Python, 웹개발, 백엔드/서버개발, AR(증강현실), VR(가상현실) 외 등록일 25/02/25"
https://www.saramin.co.kr/zf_user/jobs/relay/view?isMypage=no&rec_idx=49881719,[덱스터크레마/경력] Python 개발자 채용,~ 04/05(토) 입사지원,서울 강남구 경력 3~5년 학력무관 정규직,"웹개발, 데이터분석가, 데이터엔지니어, 웹기획, 데이터분석 외 등록일 25/02/04"
https://www.saramin.co.kr/zf_user/jobs/relay/view?isMypage=no&rec_idx=50197094,파이썬(Python) 기반의 풀스택 개발자 모십니다.,내일마감 입사지원,서울 강남구 경력무관 고졸↑ 정규직·계약직,"Python, 백엔드/서버개발, 유지보수, 프론트엔드, Bootstrap 외 등록일 25/03/10"
https://www.saramin.co.kr/zf_user/jobs/relay/view?isMypage=no&rec_idx=49987144,Python 개발자 모집,~ 03/13(목) 입사지원,서울 강남구 경력 3~20년 학력무관 정규직,"Python, 웹개발, 백엔드/서버개발, 프론트엔드, DBA 외 등록일 25/02/12"
https://www.saramin.co.kr/zf_user/jobs/relay/view?isMypage=no&rec_idx=50174565,"Python, ROS2- 로봇비전 개발자 채용 (경력)",~ 04/05(토) 입사지원,인천 연수구 경력2년↑ 학력무관 정규직,"Python, C++, AI(인공지능), 머신러닝, Linux 외 등록일 25/03/06"
https://www.saramin.co.kr/zf_user/jobs/relay/view?isMypage=no&rec_idx=50190298,"하이닉스 MES 구축 (c#, java, python) 중/고급 구인",~ 03/15(토) 입사지원,서울 영등포구 경력7년↑ 학력무관 프리랜서,"Python, Java, C#, SI·시스템통합, 소프트웨어개발 수정일 25/03/10"
https://www.saramin.co.kr/zf_user/jobs/relay/view?isMypage=no&rec_idx=50195859,[이수그룹 IT계열사] Python 개발자 채용,~ 04/09(수) 입사지원,서울 서초구 경력 7~11년 대졸↑ 정규직,"Python, AI(인공지능), PostgreSQL, 소프트웨어개발 등록일 25/03/10"
https://www.saramin.co.kr/zf_user/jobs/relay/view?isMypage=no&rec_idx=50139828,[경력 ] ㈜지오씨엔아이 SW(BE) Python 개발자 모집(대구),~ 04/03(목) 입사지원,대구 동구 경력 3~10년 초대졸↑ 정규직,"Python, 웹개발, 백엔드/서버개발, SI개발, JSP 외 등록일 25/03/04"
https://www.saramin.co.kr/zf_user/jobs/relay/view?isMypage=no&rec_idx=50201679,[씨이랩] Python 개발자,~ 04/11(금) 홈페이지 지원,서울 강남구 경력 3~10년 대졸↑ 정규직,"Python, C++, 앱개발, SI개발, 데이터시각화 외 등록일 25/03/10"
https://www.saramin.co.kr/zf_user/jobs/relay/view?isMypage=no&rec_idx=50160414,Back-End Engineer (Python/Django),~ 04/04(금) 점핏에서 지원,서울 마포구 경력 2~5년 학력무관 정규직,"Python, 웹개발, 백엔드/서버개발, 인프라, AWS 외 등록일 25/03/05"
https://www.saramin.co.kr/zf_user/jobs/relay/view?isMypage=no&rec_idx=50045978,Backend Junior Engineer(PHP/Python),~ 03/20(목) 점핏에서 지원,서울 강남구 신입·경력 초대졸↑ 정규직,"Python, 웹개발, 백엔드/서버개발, SE(시스템엔지니어), Linux 외 등록일 25/02/19"
https://www.saramin.co.kr/zf_user/jobs/relay/view?isMypage=no&rec_idx=50171683,"S/W개발( C#, Python ) 신입 채용",~ 04/05(토) 입사지원,"경기 수원시 영통구 신입 초대졸↑ 정규직 3,850 만원","Python, Java, 프론트엔드, C#, 정밀광학 수정일 25/03/07"
https://www.saramin.co.kr/zf_user/jobs/relay/view?isMypage=no&rec_idx=49966128,백엔드(Python) 개발자 모집,채용시 입사지원,경기 수원시 영통구 경력 2~5년 대졸↑ 정규직,"Python, 백엔드/서버개발, Linux, DevOps, RDBMS 외 등록일 25/02/11"
https://www.saramin.co.kr/zf_user/jobs/relay/view?isMypage=no&rec_idx=50190572,[IT 솔루션 및 통합서비스 전문기업] 파이썬(Python) 개발자,~ 03/14(금) 입사지원,서울 강남구 경력 5~20년 초대졸↑ 정규직,"Python, Java, AI(인공지능), 데이터엔지니어, 데이터마이닝 외 등록일 25/03/08"
https://www.saramin.co.kr/zf_user/jobs/relay/view?isMypage=no&rec_idx=49945041,[딥노이드] Python 개발자,~ 04/08(화) 입사지원,서울 구로구 경력2년↑ 대졸↑ 정규직,"Python, 소프트웨어개발 수정일 25/03/03"
https://www.saramin.co.kr/zf_user/jobs/relay/view?isMypage=no&rec_idx=50136300,Python 개발자 모집,채용시 입사지원,경기 안양시 만안구 경력4년↑ 초대졸↑ 정규직,"Python, 백엔드/서버개발, 프론트엔드, API, Docker 외 수정일 25/03/04"
https://www.saramin.co.kr/zf_user/jobs/relay/view?isMypage=no&rec_idx=49815230,"SW 기술지원 엔지니어 모집(Linux, Python)",~ 03/22(토) 입사지원,경기 안양시 만안구 경력무관 학력무관 정규직·계약직,"Python, C++, Linux, 기술지원, Docker 외 수정일 25/01/22"
https://www.saramin.co.kr/zf_user/jobs/relay/view?isMypage=no&rec_idx=49899429,기획연구 및 python 활용 빅데이터 분석,~ 03/21(금) 입사지원,서울 강서구 경력무관 대졸↑ 정규직·인턴직,"Python, Linux, 쉘스크립트, 기술연구, 정책연구 외 수정일 25/03/07"
https://www.saramin.co.kr/zf_user/jobs/relay/view?isMypage=no&rec_idx=50015797,Python 백엔드 개발자 모집,~ 03/19(수) 입사지원,서울 성동구 경력 학력무관 정규직,"백엔드/서버개발, 솔루션업체 수정일 25/02/17"
https://www.saramin.co.kr/zf_user/jobs/relay/view?isMypage=no&rec_idx=50012684,[(주)도로시] QGIS 플러그인 파이썬(Python) 개발자 모집,~ 03/18(화) 입사지원,서울 금천구 경력 학력무관 정규직·계약직,"Python, PostgreSQL, QGIS, SI·시스템통합, DBMS 외 등록일 25/02/16"
https://www.saramin.co.kr/zf_user/jobs/relay/view?isMypage=no&rec_idx=50193837,AI Agent Vision/MFC/C# Python Tensorflow CUDA yolo개발직,~ 05/09(금) 입사지원,"충남 천안시 동남구 경력무관 초대졸↑ 정규직 2,700 만원","솔루션, DBMS, S/W, WCF, 파워빌더 외 등록일 25/03/10"
https://www.saramin.co.kr/zf_user/jobs/relay/view?isMypage=no&rec_idx=50182973,"SW개발 전문연구요원 (병역특례) Linux,Python,C",~ 03/17(월) 점핏에서 지원,서울전체 신입·경력 석사↑ 정규직,"Python, 웹개발, 백엔드/서버개발, Java, SE(시스템엔지니어) 외 등록일 25/03/07"
https://www.saramin.co.kr/zf_user/jobs/relay/view?isMypage=no&rec_idx=49992808,"소프트웨어 개발자 (C, C#, Python 등)",~ 03/15(토) 입사지원,대전 유성구 신입 고졸↑ 정규직,"C언어, 임베디드, 펌웨어, MCU, RTOS 외 등록일 25/02/13"
https://www.saramin.co.kr/zf_user/jobs/relay/view?isMypage=no&rec_idx=50110197,마켓빌리 JAVA / DBA / TA / AA / PYTHON Recruitment,~ 03/29(토) 입사지원,서울 강남구 경력무관 학력무관 정규직·계약직,"Python, Java, DBA, SI개발, AWS 외 등록일 25/02/27"
https://www.saramin.co.kr/zf_user/jobs/relay/view?isMypage=no&rec_idx=50055408,[블루바이저] Python 개발자 채용 (부산),~ 03/22(토) 입사지원,부산 남구 경력3년↑ 학력무관 정규직,"웹개발, SpringBoot, 소프트웨어개발 등록일 25/02/20"
https://www.saramin.co.kr/zf_user/jobs/relay/view?isMypage=no&rec_idx=50182975,"ADC(L4-L7 스위치) C,Python, Linux 개발자 (커널3팀)",~ 03/17(월) 점핏에서 지원,서울전체 경력 2~10년 초대졸↑ 정규직,"Python, 웹개발, 백엔드/서버개발, C++, Java 외 등록일 25/03/07"
https://www.saramin.co.kr/zf_user/jobs/relay/view?isMypage=no&rec_idx=50139247,(주)탭샵바 개발직군 채용 공고,채용시 입사지원,서울 강남구 경력무관 학력무관 정규직,"Python, 백엔드/서버개발, SE(시스템엔지니어), 기술지원, 라즈베리파이 외 등록일 25/03/04"
https://www.saramin.co.kr/zf_user/jobs/relay/view?isMypage=no&rec_idx=50166057,[(주)톱텍] PC 제어 정규직 채용,~ 03/16(일) 입사지원,충남 아산시 경력 2~10년 학력무관 정규직,"S/W, 기술엔지니어, 설계엔지니어, 기계설계, 기구설계 외 수정일 25/03/06"
https://www.saramin.co.kr/zf_user/jobs/relay/view?isMypage=no&rec_idx=50021139,2025 신입공개채용(1) 생성AI모델(LLM/LMM/임베딩)개발자 모집,~ 03/21(금) 입사지원,"서울 강남구 신입 대졸↑ 정규직·인턴직 4,300 만원","Python, AI(인공지능), 딥러닝, 데이터시각화, 챗봇 외 수정일 25/03/10"
https://www.saramin.co.kr/zf_user/jobs/relay/view?isMypage=no&rec_idx=50167260,[(주)라이브워크] 소프트웨어 개발 R&D 연구원 모집 공고,~ 03/31(월) 입사지원,경남 진주시 경력무관 대졸↑ 정규직,"Python, C++, AI(인공지능), 머신러닝, C언어 외 수정일 25/03/06"
https://www.saramin.co.kr/zf_user/jobs/relay/view?isMypage=no&rec_idx=49865963,[IAM/ Security] Access Governance Engineer,상시채용 입사지원,서울 송파구 경력 5~16년 학력무관 정규직,"정보보안, SQL, IT, IAM, 전자상거래 외 수정일 25/02/10"
https://www.saramin.co.kr/zf_user/jobs/relay/view?isMypage=no&rec_idx=49714619,[인공지능솔루션] 엔지니어 직군 채용,상시채용 입사지원,서울 강남구 경력 1~20년 대졸↑ 정규직·전문연구요원,"Python, 백엔드/서버개발, AI(인공지능), 머신러닝, 딥러닝 외 수정일 25/01/15"
https://www.saramin.co.kr/zf_user/jobs/relay/view?isMypage=no&rec_idx=50035122,[교육 연구소 룰메이커스] 백엔드 개발자 모집,~ 03/20(목) 입사지원,서울 관악구 경력무관 학력무관 정규직·계약직,"Python, 백엔드/서버개발, HTML5, Javascript, React 외 등록일 25/02/18"
https://www.saramin.co.kr/zf_user/jobs/relay/view?isMypage=no&rec_idx=50158061,[부동산 통계자료 분석] 2025년 한국평가데이터 계약직원,~ 05/04(일) 홈페이지 지원,서울 영등포구 경력무관 초대졸↑ 계약직,"데이터엔지니어, 통계/분석, 데이터분석, 금융기관 수정일 25/03/05"
https://www.saramin.co.kr/zf_user/jobs/relay/view?isMypage=no&rec_idx=49871775,[AI콴텍]RA전략개발팀 리서치 및 상품개발 신입/경력 모집,~ 04/05(토) 입사지원,서울 영등포구 신입·경력 대졸↑ 정규직,"Python, 머신러닝, 딥러닝, 데이터분석가, 데이터엔지니어 외 수정일 25/02/17"
https://www.saramin.co.kr/zf_user/jobs/relay/view?isMypage=no&rec_idx=49834312,[재택근무] 안드로이드 iOS 앱개발,채용시 입사지원,경기 안양시 동안구 경력2년↑ 학력무관 프리랜서,"Python, Java, AI(인공지능), 머신러닝, 딥러닝 외 수정일 25/02/24"
https://www.saramin.co.kr/zf_user/jobs/relay/view?isMypage=no&rec_idx=49975612,2025 미래로시스템 신입/경력사원 채용,상시채용 입사지원,경기 용인시 기흥구 경력무관 초대졸↑ 정규직,"SE(시스템엔지니어), 회계, 개발, 소프트웨어개발 등록일 25/02/11"
https://www.saramin.co.kr/zf_user/jobs/relay/view?isMypage=no&rec_idx=50027598,[연구소]전자/전기/IOT/정보통신 관련 연구개발 경력직 모집,채용시 입사지원,대구 동구 경력무관 대졸↑ 정규직,"Python, AI(인공지능), 머신러닝, C언어, 딥러닝 외 등록일 25/02/18"
https://www.saramin.co.kr/zf_user/jobs/relay/view?isMypage=no&rec_idx=49827906,"팀 쉽게, Data Linguist 모집",채용시 입사지원,서울 강남구 경력무관 대졸↑ 정규직,"Python, 머신러닝, 딥러닝, 데이터분석가, 데이터엔지니어 외 등록일 25/01/23"
https://www.saramin.co.kr/zf_user/jobs/relay/view?isMypage=no&rec_idx=50146080,㈜지오시스템리서치 인공지능 활용 자료분석 분야 채용,~ 03/14(금) 입사지원,부산 해운대구 경력무관 대졸↑ 정규직·계약직,"AI(인공지능), 데이터분석가, 데이터엔지니어, R&D, 환경 등록일 25/03/04"
https://www.saramin.co.kr/zf_user/jobs/relay/view?isMypage=no&rec_idx=50033502,[경력] 2년이상 프론트엔드 개발자 채용,~ 03/20(목) 입사지원,서울 서초구 경력 1~3년 학력무관 정규직·계약직,"Python, 웹개발, 프론트엔드, CSS3, Git 외 등록일 25/02/18"
https://www.saramin.co.kr/zf_user/jobs/relay/view?isMypage=no&rec_idx=49859553,인공지능(AI)·빅데이터 개발부(이미지 처리)-OCR리눅스 가능필,~ 04/04(금) 입사지원,서울 영등포구 신입·경력 대졸↑ 정규직,"Python, AI(인공지능), 머신러닝, Linux, 데이터라벨링 외 등록일 25/02/03"
https://www.saramin.co.kr/zf_user/jobs/relay/view?isMypage=no&rec_idx=49998002,[스타랩스] 웹개발자 초/중/고/특급 채용,~ 03/15(토) 입사지원,서울 강남구 경력 초대졸↑ 정규직·프리랜서,"Python, 웹개발, 백엔드/서버개발, Java, SE(시스템엔지니어) 외 수정일 25/03/10"
https://www.saramin.co.kr/zf_user/jobs/relay/view?isMypage=no&rec_idx=50061494,로봇/로보틱스 필드엔지니어(FSE) 모집(신입/경력),~ 03/23(일) 입사지원,경기 광명시 신입·경력 대졸↑ 정규직,"Python, 백엔드/서버개발, C++, C언어, SE(시스템엔지니어) 외 등록일 25/02/21"
https://www.saramin.co.kr/zf_user/jobs/relay/view?isMypage=no&rec_idx=50197390,워드프레스 웹사이트 제작·운영 담당자 채용,~ 04/09(수) 입사지원,"서울 영등포구 경력무관 초대졸↑ 정규직·계약직 3,000 만원","Python, 웹개발, 유지보수, 퍼블리셔, 검색엔진 외 수정일 25/03/10"
https://www.saramin.co.kr/zf_user/jobs/relay/view?isMypage=no&rec_idx=49762224,임베디드시스템 S/W 개발자 모집,~ 03/14(금) 입사지원,경기 수원시 영통구 신입·경력 대졸↑ 정규직,"Python, C++, AI(인공지능), C언어, Linux 외 등록일 25/01/13"
https://www.saramin.co.kr/zf_user/jobs/relay/view?isMypage=no&rec_idx=50088765,[경력] 한국일보 백엔드/프론트엔드 공개채용(~3/12 17시),내일마감 홈페이지 지원,서울 중구 경력 학력무관 정규직,"웹개발, 백엔드/서버개발, 기술지원, 유지보수, 정보보안 외 수정일 25/02/25"
https://www.saramin.co.kr/zf_user/jobs/relay/view?isMypage=no&rec_idx=50004379,"[트루엔] 2025 핵심인재(TECH, Non-Tech) 적극채용",~ 03/31(월) 입사지원,서울 구로구 경력무관 대졸↑ 정규직,"백엔드/서버개발, QA/테스터, 임베디드, 펌웨어, iOS 외 수정일 25/03/07"
https://www.saramin.co.kr/zf_user/jobs/relay/view?isMypage=no&rec_idx=50199938,[서울 근무] 디지털 컨설팅 부문 컨설턴트 모집 (신입),~ 03/16(일) 입사지원,"서울 종로구 신입 대졸↑ 정규직 3,000 만원","Python, 데이터분석가, IT컨설팅, 빅데이터, R 외 등록일 25/03/10"
https://www.saramin.co.kr/zf_user/jobs/relay/view?isMypage=no&rec_idx=50144185,[홈페이지지원] [2025년 신입·경력 채용] 솔루션본부 채용,~ 04/03(목) 홈페이지 지원,서울 강서구 경력무관 학력무관 정규직,"기술지원, QA/테스터, S/W, 기술영업, 마케팅기획 외 수정일 25/03/05"
https://www.saramin.co.kr/zf_user/jobs/relay/view?isMypage=no&rec_idx=49794810,[C#] Machine Vision 영상처리 개발자 모집,상시채용 입사지원,서울 금천구 경력무관 대졸↑ 정규직,"Python, C++, 머신러닝, C언어, 딥러닝 외 등록일 25/01/17"
https://www.saramin.co.kr/zf_user/jobs/relay/view?isMypage=no&rec_idx=50186898,정보보안 SW솔루션 자동화 QA,~ 03/23(일) 입사지원,경기 성남시 수정구 경력무관 초대졸↑ 정규직,"C언어, Linux, 정보보안, QA/테스터, 솔루션 외 등록일 25/03/07"
https://www.saramin.co.kr/zf_user/jobs/relay/view?isMypage=no&rec_idx=50171252,에이티아이(주) 바이오연구소 자동화 설비 SW 연구원 채용,채용시 입사지원,인천 연수구 경력무관 대졸↑ 정규직,"웹개발, 백엔드/서버개발, C++, 앱개발, S/W 외 등록일 25/03/06"
https://www.saramin.co.kr/zf_user/jobs/relay/view?isMypage=no&rec_idx=50056079,"성실, 배움의 의지있는 신입 S/W개발자 모집합니다(자동차 전장)",상시채용 입사지원,서울 강남구 경력무관 초대졸↑ 정규직,"Python, C++, C언어, 임베디드, MCU 외 수정일 25/02/20"
https://www.saramin.co.kr/zf_user/jobs/relay/view?isMypage=no&rec_idx=49865452,[커넥트웨이브] 메이크샵 개발 및 데이터 직군 채용,~ 03/31(월) 홈페이지 지원,서울 금천구 경력무관 학력무관 정규직,"웹개발, 백엔드/서버개발, 데이터엔지니어, DBA, SI개발 외 수정일 25/02/28"
https://www.saramin.co.kr/zf_user/jobs/relay/view?isMypage=no&rec_idx=50198874,웹 / C# 개발자 2개 부문 채용합니다. (경력 및 신입),~ 04/09(수) 입사지원,대구 달성군 신입·경력 고졸↑ 정규직,"Python, Java, 머신러닝, C#, MSSQL 외 등록일 25/03/10"
https://www.saramin.co.kr/zf_user/jobs/relay/view?isMypage=no&rec_idx=49760404,[분당/대구]Verification Engineer & Digital Logic 개발자 채용,~ 03/13(목) 입사지원,경기 성남시 분당구 경력3년↑ 학력무관 정규직,"Python, 백엔드/서버개발, C++, AI(인공지능), C언어 외 수정일 25/01/13"
https://www.saramin.co.kr/zf_user/jobs/relay/view?isMypage=no&rec_idx=50092203,웹&앱 개발 담당 계약직 개발자 채용,~ 03/27(목) 입사지원,대전 대덕구 신입·경력 대졸↑ 계약직,"웹개발, 백엔드/서버개발, Linux, 앱개발, Django 외 등록일 25/02/25"
https://www.saramin.co.kr/zf_user/jobs/relay/view?isMypage=no&rec_idx=49770261,[네오플] 프로그래밍/기술지원 직군 모집 (근무지: 제주본사),~ 03/15(토) 홈페이지 지원,제주 제주시 신입·경력 학력무관 정규직,"백엔드/서버개발, C++, C언어, Linux, 게임개발 외 수정일 25/02/25"
https://www.saramin.co.kr/zf_user/jobs/relay/view?isMypage=no&rec_idx=49986277,서울대학교병원 생체신호 머신러닝/데이터분석 연구원 채용,채용시 입사지원,서울 종로구 경력무관 대졸↑ 무기계약직·계약직,"AI(인공지능), AI(인공지능), 종합병원 수정일 25/02/12"
https://www.saramin.co.kr/zf_user/jobs/relay/view?isMypage=no&rec_idx=50001996,[(주)네피리티/서울] 데이터 분석 및 AI모델 개발 모집,~ 03/16(일) 입사지원,서울 서초구 경력무관 대졸↑ 정규직·계약직,"Python, AI(인공지능), 데이터분석가, 소프트웨어개발 수정일 25/02/19"
https://www.saramin.co.kr/zf_user/jobs/relay/view?isMypage=no&rec_idx=50124998,[머신러닝] (주)옥토봇 AI 엔지니어 모집,~ 04/25(금) 입사지원,서울 강남구 경력무관 대졸↑ 정규직·계약직,"Python, AI(인공지능), 머신러닝, 딥러닝, 빅데이터 외 등록일 25/02/28"
https://www.saramin.co.kr/zf_user/jobs/relay/view?isMypage=no&rec_idx=50184764,[정규직] 각 부문별 개발자 경력 채용,~ 04/06(일) 입사지원,서울 금천구 경력3년↑ 초대졸↑ 정규직,"Python, 웹개발, 백엔드/서버개발, Java, 앱개발 외 등록일 25/03/07"
https://www.saramin.co.kr/zf_user/jobs/relay/view?isMypage=no&rec_idx=50202460,Product Solution Architect,~ 04/08(화) 입사지원,경기전체 신입·경력 학력무관 정규직,"Python, 웹개발, 백엔드/서버개발, AI(인공지능), 머신러닝 외 등록일 25/03/10"
https://www.saramin.co.kr/zf_user/jobs/relay/view?isMypage=no&rec_idx=49762235,임베디드시스템 H/W 개발자 모집,~ 03/14(금) 입사지원,경기 수원시 영통구 신입·경력 대졸↑ 정규직·전문연구요원,"Python, C++, AI(인공지능), C언어, Linux 외 등록일 25/01/13"
https://www.saramin.co.kr/zf_user/jobs/relay/view?isMypage=no&rec_idx=49824531,컴퓨터 소프트웨어 개발자 모집,채용시 입사지원,대전 유성구 경력무관 대졸↑ 정규직,"Python, 웹개발, 백엔드/서버개발, C++, C언어 외 등록일 25/01/23"
https://www.saramin.co.kr/zf_user/jobs/relay/view?isMypage=no&rec_idx=50091166,AI Engineer(Field Engineer),~ 03/27(목) 입사지원,"경북 포항시 남구 경력 1~5년 고졸↑ 계약직 5,600 만원","Python, 웹개발, AI(인공지능), 머신러닝, 딥러닝 외 수정일 25/02/26"
https://www.saramin.co.kr/zf_user/jobs/relay/view?isMypage=no&rec_idx=50172615,자율주행 차량제어 엔지니어,~ 04/04(금) 입사지원,서울 강남구 신입·경력 초대졸↑ 정규직,"Python, C++, C언어, S/W, S/W 외 등록일 25/03/06"
https://www.saramin.co.kr/zf_user/jobs/relay/view?isMypage=no&rec_idx=50071561,(주)에이비스 AI 연구원 신입 / 경력 정규직 채용,~ 03/25(화) 입사지원,서울 강남구 신입·경력 학력무관 정규직·인턴직,"Python, AI(인공지능), 머신러닝, 딥러닝, 알고리즘 외 등록일 25/02/23"
https://www.saramin.co.kr/zf_user/jobs/relay/view?isMypage=no&rec_idx=50021719,솔루션 개발자 인턴 채용 - 대전,채용시 입사지원,대전 유성구 경력무관 학력무관 인턴직 210 만원,"Python, 웹개발, 백엔드/서버개발, Java, Linux 외 수정일 25/03/01"
https://www.saramin.co.kr/zf_user/jobs/relay/view?isMypage=no&rec_idx=49956358,백엔드 엔지니어 채용,내일마감 입사지원,서울 강남구 경력 3~5년 대졸↑ 정규직,"Python, 백엔드/서버개발, Java, Linux, RDBMS 외 수정일 25/02/11"
https://www.saramin.co.kr/zf_user/jobs/relay/view?isMypage=no&rec_idx=50195701,"[이슬림코리아] Foreign Junior A.I engineer, 인공지능엔지니어",~ 04/30(수) 입사지원,서울 금천구 신입·경력 대졸↑ 정규직,"Python, AI(인공지능), 머신러닝, 딥러닝, Linux 외 수정일 25/03/11"
https://www.saramin.co.kr/zf_user/jobs/relay/view?isMypage=no&rec_idx=50079582,IT/AI부문(전문연구요원 포함) 채용,~ 03/25(화) 입사지원,서울 종로구 신입·경력 대졸↑ 정규직,"Python, 웹개발, AI(인공지능), 머신러닝, 딥러닝 외 등록일 25/02/24"
https://www.saramin.co.kr/zf_user/jobs/relay/view?isMypage=no&rec_idx=49751035,데이터 사이언티스트 모집 (신입/경력),상시채용 입사지원,경기 성남시 중원구 경력무관 대졸↑ 정규직,"Python, 머신러닝, 딥러닝, 데이터분석가, 데이터마이닝 외 수정일 25/01/15"
https://www.saramin.co.kr/zf_user/jobs/relay/view?isMypage=no&rec_idx=49836903,부문별 경력직 모집(캐릭터 및 디지털 광고 디자이너),~ 03/25(화) 입사지원,서울 강남구 경력 1~5년 학력무관 정규직,"Python, 백엔드/서버개발, Java, 솔루션, 인프라 외 수정일 25/03/07"
https://www.saramin.co.kr/zf_user/jobs/relay/view?isMypage=no&rec_idx=49956132,[카카오자회사] 카카오i 서비스&플랫폼 운영 및 개발,내일마감 입사지원,경기 성남시 분당구 경력7년↑ 학력무관 정규직,"Python, 웹개발, 백엔드/서버개발, Java, 앱개발 외 등록일 25/02/10"
https://www.saramin.co.kr/zf_user/jobs/relay/view?isMypage=no&rec_idx=50017550,[프레인글로벌] IT부문 담당자(Helpdesk/웹개발자) 채용,채용시 홈페이지 지원,서울 중구 경력무관 학력무관 계약직,"Python, 웹개발, Java, AI(인공지능), 앱개발 외 수정일 25/02/17"
https://www.saramin.co.kr/zf_user/jobs/relay/view?isMypage=no&rec_idx=50184247,SoC Design Engineer,~ 04/05(토) 입사지원,서울 강남구 신입·경력 대졸↑ 정규직,"Python, 웹개발, C++, Java, C언어 외 등록일 25/03/07"
https://www.saramin.co.kr/zf_user/jobs/relay/view?isMypage=no&rec_idx=50171459,S/W 개발 엔지니어 경력무관 채용,~ 04/05(토) 입사지원,경북 구미시 경력무관 초대졸↑ 정규직,"Python, 백엔드/서버개발, C++, Java, C언어 외 수정일 25/03/06"
https://www.saramin.co.kr/zf_user/jobs/relay/view?isMypage=no&rec_idx=50153208,Data 엔지니어 - Junior (대전 근무),~ 04/03(목) 입사지원,대전전체 신입·경력 대졸↑ 정규직,"Python, 웹개발, AI(인공지능), 머신러닝, 딥러닝 외 등록일 25/03/05"
https://www.saramin.co.kr/zf_user/jobs/relay/view?isMypage=no&rec_idx=50090191,[정규직/코스닥상장/기숙사제공] 반도체기업 TEST엔지니어 채용,채용시 입사지원,충남 천안시 서북구 경력4년↑ 대졸↑ 정규직,"Python, C언어, SE(시스템엔지니어), 기술지원, 퍼블리셔 외 수정일 25/03/11"
https://www.saramin.co.kr/zf_user/jobs/relay/view?isMypage=no&rec_idx=50105819,[상상스토리(주)] 솔루션 개발직 채용공고(연구소),~ 03/29(토) 입사지원,서울 구로구 경력 2~10년 초대졸↑ 정규직,"Python, 웹개발, 백엔드/서버개발, Java, 앱개발 외 등록일 25/02/27"
https://www.saramin.co.kr/zf_user/jobs/relay/view?isMypage=no&rec_idx=50003917,반도체 회로 설계 개발자 (신입),~ 03/17(월) 입사지원,서울 강남구 신입·경력 대졸↑ 정규직,"Python, 웹개발, 백엔드/서버개발, 앱개발, 인프라 외 등록일 25/02/14"
https://www.saramin.co.kr/zf_user/jobs/relay/view?isMypage=no&rec_idx=49958634,자율주행/AI SW 신입 개발자 채용,~ 04/11(금) 입사지원,서울 강남구 신입 초대졸↑ 정규직,"Python, C++, 머신러닝, 딥러닝, Linux 외 수정일 25/02/10"
https://www.saramin.co.kr/zf_user/jobs/relay/view?isMypage=no&rec_idx=50168621,정보 보안 엔지니어,~ 05/05(월) 홈페이지 지원,"서울 서초구 경력무관 학력무관 정규직 4,104 만원","Python, Linux, 보안컨설팅, 유지보수, 정보보안 외 등록일 25/03/06"
https://www.saramin.co.kr/zf_user/jobs/relay/view?isMypage=no&rec_idx=49955632,언어모델 딥러닝 개발자 (신입),오늘마감 입사지원,서울 강남구 신입·경력 대졸↑ 정규직,"Python, AI(인공지능), 머신러닝, 딥러닝, 데이터분석가 외 등록일 25/02/10"
https://www.saramin.co.kr/zf_user/jobs/relay/view?isMypage=no&rec_idx=50088937,[S/W] (주)대건소프트 개발자 신입/경력사원 채용,~ 03/27(목) 입사지원,대전 유성구 신입·경력 초대졸↑ 정규직,"Python, 웹개발, C++, Java, 앱개발 외 등록일 25/02/25"
https://www.saramin.co.kr/zf_user/jobs/relay/view?isMypage=no&rec_idx=50051778,데이터 엔지니어 채용,~ 04/21(월) 홈페이지 지원,서울 강남구 경력무관 학력무관 정규직,"Python, C++, 데이터엔지니어, 빌링, 클라우드 외 수정일 25/03/04"
https://www.saramin.co.kr/zf_user/jobs/relay/view?isMypage=no&rec_idx=50125728,풀스택/무역물류/UI/UX 교육생모집,~ 03/14(금) 홈페이지 지원,부산전체 경력무관 학력무관 교육생,"Python, 웹개발, 백엔드/서버개발, Java, AI(인공지능) 외 수정일 25/03/04"
https://www.saramin.co.kr/zf_user/jobs/relay/view?isMypage=no&rec_idx=49928497,[경력] RPA 자동화 시스템 구축 및 운영 개발자 모집,~ 03/31(월) 입사지원,서울 금천구 경력 3~4년 학력무관 정규직,"Python, 웹개발, 데이터분석가, 데이터엔지니어, 앱개발 외 수정일 25/03/10"
https://www.saramin.co.kr/zf_user/jobs/relay/view?isMypage=no&rec_idx=49996916,[신입] 로봇엔지니어 / Robotics Engineer 채용,~ 03/15(토) 입사지원,서울 구로구 신입 고졸↑ 정규직,"Python, AI(인공지능), 머신러닝, 딥러닝, 데이터엔지니어 외 등록일 25/02/13"
https://www.saramin.co.kr/zf_user/jobs/relay/view?isMypage=no&rec_idx=49998076,[직접입력] SOC TOP Design Enginer,~ 03/15(토) 입사지원,경기 성남시 분당구 경력무관 대졸↑ 정규직,"Python, 백엔드/서버개발, C++, Linux, 프론트엔드 외 등록일 25/02/13"
https://www.saramin.co.kr/zf_user/jobs/relay/view?isMypage=no&rec_idx=50053465,개발부 백엔드 개발자 채용,~ 03/21(금) 입사지원,서울 서대문구 경력 1~3년 대졸↑ 정규직,"Python, 백엔드/서버개발, 프론트엔드, AWS, PostgreSQL 외 수정일 25/02/20"
https://www.saramin.co.kr/zf_user/jobs/relay/view?isMypage=no&rec_idx=50106100,[클루커스] AWS Solution Engineer (신입) 모집,상시채용 입사지원,서울 강남구 신입 학력무관 정규직,"Python, Linux, IT컨설팅, 빅데이터, 인프라 외 등록일 25/02/27"
https://www.saramin.co.kr/zf_user/jobs/relay/view?isMypage=no&rec_idx=50029702,Embeded System SW 엔지니어,~ 03/18(화) 입사지원,경기전체 신입·경력 대졸↑ 정규직,"Python, 웹개발, 백엔드/서버개발, C++, C언어 외 등록일 25/02/18"
https://www.saramin.co.kr/zf_user/jobs/relay/view?isMypage=no&rec_idx=50185129,[R&D연구과제] 연구 및 개발 경력자 모집,채용시 입사지원,"경남 창원시 경력 대졸↑ 정규직 6,000 만원","Python, 웹개발, C++, Java, C언어 외 수정일 25/03/07"
https://www.saramin.co.kr/zf_user/jobs/relay/view?isMypage=no&rec_idx=50120839,"[쿠팡CFS] 물류 자동화 로봇(AGV,AMR) S/W 엔지니어",~ 03/31(월) 입사지원,대구 달성군 경력3년↑ 학력무관 정규직,"Python, C++, Java, S/W, Javascript 외 수정일 25/03/01"
https://www.saramin.co.kr/zf_user/jobs/relay/view?isMypage=no&rec_idx=50171210,백엔드 개발자 (팀원급),~ 04/04(금) 입사지원,서울 강남구 경력 3~10년 학력무관 정규직,"Python, 웹개발, 백엔드/서버개발, Java, SE(시스템엔지니어) 외 등록일 25/03/06"
https://www.saramin.co.kr/zf_user/jobs/relay/view?isMypage=no&rec_idx=49875582,IT국비지원 전액무료 ( 프론트엔드/ 백엔드 / 풀스택개발자 / 자바개발자/ JAVA국비학원 ) 교육생 모집,~ 04/04(금) 입사지원,서울전체 경력무관 학력무관 교육생,"Python, 웹개발, 백엔드/서버개발, Java, AI(인공지능) 외 수정일 25/02/05"
https://www.saramin.co.kr/zf_user/jobs/relay/view?isMypage=no&rec_idx=50087722,빅데이터 개발자(전문연구요원가능),~ 03/24(월) 점핏에서 지원,대구전체 신입·경력 초대졸↑ 정규직,"Python, 웹개발, 백엔드/서버개발, SE(시스템엔지니어), Linux 외 등록일 25/02/25"
https://www.saramin.co.kr/zf_user/jobs/relay/view?isMypage=no&rec_idx=50087718,실내 내비게이션 연구/개발(전문연구요원가능),~ 03/24(월) 점핏에서 지원,대구전체 신입·경력 초대졸↑ 정규직,"Python, 웹개발, 백엔드/서버개발, 머신러닝, 딥러닝 외 등록일 25/02/25"
https://www.saramin.co.kr/zf_user/jobs/relay/view?isMypage=no&rec_idx=50180723,클라우드 엔지니어 신입 채용,~ 03/15(토) 점핏에서 지원,서울 강서구 신입·경력 대졸↑ 정규직,"Python, 웹개발, 백엔드/서버개발, 머신러닝, SE(시스템엔지니어) 외 등록일 25/03/07"
https://www.saramin.co.kr/zf_user/jobs/relay/view?isMypage=no&rec_idx=50171756,[대전] 데이터 분석 및 장비운용 시험/연구보조,~ 03/23(일) 입사지원,대전 유성구 경력무관 학력무관 정규직·계약직,"Python, C++, C언어, 기술지원, 유지보수 외 등록일 25/03/06"
https://www.saramin.co.kr/zf_user/jobs/relay/view?isMypage=no&rec_idx=50143352,[R&D 및 영업] 정부 연구개발사업 연구원 및 영업 직원 모집,~ 05/03(토) 입사지원,경기 수원시 영통구 경력무관 대졸↑ 정규직,"Python, Django, Excel, PowerPoint, 연구원 외 등록일 25/03/04"
https://www.saramin.co.kr/zf_user/jobs/relay/view?isMypage=no&rec_idx=50141040,[신입/경력] AI기반 업무자동화(RPA) 개발자 채용 (UiPath 우대),~ 03/31(월) 입사지원,서울 영등포구 신입·경력 초대졸↑ 정규직,"Python, Java, C언어, .NET, C# 외 수정일 25/03/05"
https://www.saramin.co.kr/zf_user/jobs/relay/view?isMypage=no&rec_idx=49827531,SW 개발 신입 / 경력자(PL) 채용,~ 03/24(월) 입사지원,서울 강남구 신입·경력 대졸↑ 정규직,"Python, 웹개발, Java, 알고리즘, HTML 외 수정일 25/03/07"
https://www.saramin.co.kr/zf_user/jobs/relay/view?isMypage=no&rec_idx=50099067,[굳센] 백엔드 개발자 채용,~ 03/28(금) 입사지원,서울 강서구 경력1년↑ 학력무관 정규직,"Python, 백엔드/서버개발, Java, 이미지프로세싱, 크롤링 외 등록일 25/02/26"
https://www.saramin.co.kr/zf_user/jobs/relay/view?isMypage=no&rec_idx=49874030,[넛지헬스케어] 백엔드개발 채용전환형 인턴,~ 04/05(토) 입사지원,서울 강남구 신입 학력무관 인턴직,"Python, 웹개발, 백엔드/서버개발, Java, SE(시스템엔지니어) 외 등록일 25/02/04"
https://www.saramin.co.kr/zf_user/jobs/relay/view?isMypage=no&rec_idx=50202275,이노룰스 일본법인 근무 직원 모집,~ 04/13(일) 입사지원,일본 도쿄 경력 학력무관 정규직,"Python, 웹개발, 백엔드/서버개발, C++, Java 외 수정일 25/03/10"
https://www.saramin.co.kr/zf_user/jobs/relay/view?isMypage=no&rec_idx=50187111,백엔드 개발자 [경력],~ 04/08(화) 입사지원,서울 서초구 경력 1~3년 대졸↑ 정규직,"Python, 웹개발, 백엔드/서버개발, SE(시스템엔지니어), DBA 외 수정일 25/03/10"
https://www.saramin.co.kr/zf_user/jobs/relay/view?isMypage=no&rec_idx=50127050,ML 엔지니어/Researcher 채용,~ 03/29(토) 입사지원,서울 강남구 신입·경력 대졸↑ 정규직,"Python, C++, AI(인공지능), 머신러닝, C언어 외 등록일 25/02/28"
https://www.saramin.co.kr/zf_user/jobs/relay/view?isMypage=no&rec_idx=50126218,[서울역/연봉상위] 글로벌 자동차기업 IT Business Services PM,채용시 입사지원,서울 중구 경력 4~10년 대졸↑ 계약직·파견직,"Python, Java, 기술지원, 데이터분석가, 데이터엔지니어 외 수정일 25/03/04"
https://www.saramin.co.kr/zf_user/jobs/relay/view?isMypage=no&rec_idx=49851726,[경력무관] AI 모델 개발자 정규직 채용,채용시 입사지원,서울 강남구 경력무관 학력무관 정규직,"Python, AI(인공지능), 데이터분석가, Pytorch, Tensorflow 외 등록일 25/01/31"
https://www.saramin.co.kr/zf_user/jobs/relay/view?isMypage=no&rec_idx=50160191,AI 연구원,~ 04/04(금) 입사지원,경기전체 경력 3~12년 석사↑ 정규직,"Python, C++, AI(인공지능), 머신러닝, C언어 외 등록일 25/03/05"
https://www.saramin.co.kr/zf_user/jobs/relay/view?isMypage=no&rec_idx=50134363,개발팀 및 경영지원 경력 채용,채용시 입사지원,서울 서초구 경력 대졸↑ 정규직,"Python, 백엔드/서버개발, Java, AI(인공지능), 머신러닝 외 수정일 25/03/03"
https://www.saramin.co.kr/zf_user/jobs/relay/view?isMypage=no&rec_idx=50096209,"기술영업 및 기술지원,소프트웨어 개발 신입·경력사원 모집",~ 03/18(화) 입사지원,경기 용인시 수지구 신입·경력 초대졸↑ 정규직,"Python, 기술지원, 네트워크, 자율주행, 정보통신 외 수정일 25/02/26"
https://www.saramin.co.kr/zf_user/jobs/relay/view?isMypage=no&rec_idx=50146517,AI Research Engineer & AI consultant,~ 03/14(금) 점핏에서 지원,서울 성동구 신입·경력 대졸↑ 정규직,"Python, AI(인공지능), 머신러닝, 딥러닝, SE(시스템엔지니어) 외 등록일 25/03/04"
https://www.saramin.co.kr/zf_user/jobs/relay/view?isMypage=no&rec_idx=50172364,데브옵스 엔지니어 채용,~ 04/04(금) 점핏에서 지원,부산전체 신입·경력 대졸↑ 정규직,"Python, 웹개발, 백엔드/서버개발, Java, SE(시스템엔지니어) 외 등록일 25/03/06"
https://www.saramin.co.kr/zf_user/jobs/relay/view?isMypage=no&rec_idx=50145144,"[도쿄근무]백엔드,서버 개발자 모집(일본어 필수)",~ 04/03(목) 입사지원,일본 경력1년↑ 초대졸↑ 정규직·계약직,"Python, 웹개발, 백엔드/서버개발, Java, Linux 외 등록일 25/03/04"
https://www.saramin.co.kr/zf_user/jobs/relay/view?isMypage=no&rec_idx=50200072,[이노그리드] 클라우드 솔루션사업본부 채용,~ 03/31(월) 입사지원,서울 중구 신입·경력 학력무관 정규직,"Python, Java, Linux, SI개발, 빅데이터 외 수정일 25/03/10"
https://www.saramin.co.kr/zf_user/jobs/relay/view?isMypage=no&rec_idx=50127960,[경력3년이상] 백엔드 개발자 채용,~ 03/14(금) 입사지원,서울 송파구 경력3년↑ 대졸↑ 정규직,"Python, 웹개발, 백엔드/서버개발, Java, AI(인공지능) 외 수정일 25/03/07"
https://www.saramin.co.kr/zf_user/jobs/relay/view?isMypage=no&rec_idx=50195087,스타트업 경력있는 IT 개발자 백앤드 웹개발,~ 04/09(수) 입사지원,서울 성동구 경력 대졸↑ 계약직,"Python, 백엔드/서버개발, AWS, CSS, Docker 외 등록일 25/03/10"
https://www.saramin.co.kr/zf_user/jobs/relay/view?isMypage=no&rec_idx=50184088,데이터 엔지니어 경력직 모집,~ 04/06(일) 입사지원,서울 중구 경력 3~16년 학력무관 정규직,"Python, 웹개발, Java, 머신러닝, 딥러닝 외 등록일 25/03/07"
https://www.saramin.co.kr/zf_user/jobs/relay/view?isMypage=no&rec_idx=50199867,[이노그리드] 클라우드 연구센터 채용,~ 03/31(월) 입사지원,서울 중구 신입·경력 학력무관 정규직,"Python, C++, Java, C언어, Linux 외 수정일 25/03/10"
https://www.saramin.co.kr/zf_user/jobs/relay/view?isMypage=no&rec_idx=49878285,[로엘법무법인] IT개발자 채용 (프론트엔드/백엔드),~ 03/24(월) 입사지원,서울 서초구 경력3년↑ 초대졸↑ 정규직,"Python, 웹개발, 백엔드/서버개발, Java, 데이터엔지니어 외 수정일 25/02/26"
https://www.saramin.co.kr/zf_user/jobs/relay/view?isMypage=no&rec_idx=50167637,[웹/앱 프론트엔드 개발자] 경력/신규 채용,~ 04/05(토) 입사지원,경기 화성시 경력무관 학력무관 정규직,"Python, 웹개발, 앱개발, API, HTML 외 수정일 25/03/07"
https://www.saramin.co.kr/zf_user/jobs/relay/view?isMypage=no&rec_idx=50194801,포인드(주) 인공지능·딥러닝 개발자(신입) 채용,~ 04/09(수) 입사지원,경북 구미시 신입 초대졸↑ 정규직,"Python, C++, AI(인공지능), 머신러닝, 딥러닝 외 등록일 25/03/10"
https://www.saramin.co.kr/zf_user/jobs/relay/view?isMypage=no&rec_idx=50200227,[이노그리드] 혁신기술지원본부 채용,~ 03/31(월) 입사지원,서울 중구 신입·경력 학력무관 정규직,"Python, Java, Linux, 빅데이터, 솔루션 외 수정일 25/03/10"
https://www.saramin.co.kr/zf_user/jobs/relay/view?isMypage=no&rec_idx=50125922,[블록체인] 엔진 개발 / dApp 서비스 운영,~ 03/29(토) 입사지원,서울 강남구 신입·경력 학력무관 정규직,"Python, 백엔드/서버개발, 보안컨설팅, 정보보안, 프론트엔드 외 수정일 25/02/28"
https://www.saramin.co.kr/zf_user/jobs/relay/view?isMypage=no&rec_idx=50160392,Software Engineer (주니어),~ 04/03(목) 점핏에서 지원,서울 강남구 신입·경력 대졸↑ 정규직,"Python, 웹개발, C++, Java, C언어 외 등록일 25/03/05"
https://www.saramin.co.kr/zf_user/jobs/relay/view?isMypage=no&rec_idx=50120389,[생산/제조] 3월 신입(생산기술-자동화설비기술 (울산공장)),~ 03/14(금) 홈페이지 지원,울산 북구 신입 대졸↑,"Python, C#, 설계엔지니어, 자동제어, 생산자동화 외 수정일 25/03/04"
https://www.saramin.co.kr/zf_user/jobs/relay/view?isMypage=no&rec_idx=50143595,스타트기업 백엔드개발(병역특례 가능) 구함(굿커리어),~ 04/03(목) 입사지원,서울 강남구 신입 석사↑ 정규직,"Python, 웹개발, 백엔드/서버개발, Java, AI(인공지능) 외 수정일 25/03/08"
https://www.saramin.co.kr/zf_user/jobs/relay/view?isMypage=no&rec_idx=50200004,[이노그리드] 하이브리드사업본부 채용,~ 03/31(월) 입사지원,서울 중구 신입·경력 학력무관 정규직,"Python, C++, Java, C언어, Linux 외 수정일 25/03/10"
https://www.saramin.co.kr/zf_user/jobs/relay/view?isMypage=no&rec_idx=50056400,[RPA 개발] 경력 및 신입 개발자 채용,~ 03/22(토) 입사지원,서울 강남구 경력무관 초대졸↑ 정규직,"Python, Java, RPA, SI·시스템통합 등록일 25/02/20"
https://www.saramin.co.kr/zf_user/jobs/relay/view?isMypage=no&rec_idx=50032335,데이터 사이언스 파트 모집,상시채용 입사지원,서울 송파구 경력무관 석사↑ 정규직·전문연구요원,"Python, Linux, 데이터분석가, 동물실험, 미생물 외 수정일 25/02/27"
https://www.saramin.co.kr/zf_user/jobs/relay/view?isMypage=no&rec_idx=50146547,백엔드 개발자,~ 04/03(목) 입사지원,서울 강동구 경력 2~5년 초대졸↑ 정규직,"Python, 웹개발, 백엔드/서버개발, SE(시스템엔지니어), Linux 외 등록일 25/03/04"
https://www.saramin.co.kr/zf_user/jobs/relay/view?isMypage=no&rec_idx=50192156,의료기기 S/W개발 경력직 채용,~ 04/08(화) 입사지원,대전 중구 경력5년↑ 대졸↑ 정규직·계약직,"Python, C++, 머신러닝, 기술지원, Pytorch 외 등록일 25/03/09"
https://www.saramin.co.kr/zf_user/jobs/relay/view?isMypage=no&rec_idx=50087209,메타빌드(주) AI 개발 전문연구요원 채용,~ 03/27(목) 입사지원,서울 서초구 경력무관 대졸↑ 정규직,"Python, 백엔드/서버개발, AI(인공지능), 머신러닝, 딥러닝 외 수정일 25/02/25"
https://www.saramin.co.kr/zf_user/jobs/relay/view?isMypage=no&rec_idx=50137451,국방무기효과 연구원(용산) 모집,~ 04/03(목) 입사지원,서울 용산구 신입 대졸↑ 정규직·계약직,"Python, Java, 데이터분석가, 데이터엔지니어, 데이터마이닝 외 등록일 25/03/04"
https://www.saramin.co.kr/zf_user/jobs/relay/view?isMypage=no&rec_idx=50137944,[신입/경력] 소프트웨어(SW) 우수인재 모집,~ 04/30(수) 입사지원,서울 강남구 신입·경력 대졸↑ 정규직,"Python, C++, C언어, 기술지원, FPGA 외 수정일 25/03/05"
https://www.saramin.co.kr/zf_user/jobs/relay/view?isMypage=no&rec_idx=50144772,(주)이오테크닉스 개발자 모집 (SW),~ 03/17(월) 입사지원,경기 안양시 동안구 신입·경력 학력무관 정규직,"Python, C++, C언어, 임베디드, S/W 외 등록일 25/03/04"
https://www.saramin.co.kr/zf_user/jobs/relay/view?isMypage=no&rec_idx=50056199,"[바텍 네트웍스] 의료기기 System 개발(기구, SW, HW)",~ 03/22(토) 입사지원,경기 화성시 경력무관 대졸↑ 정규직,"Python, C++, AI(인공지능), C언어, 알고리즘 외 수정일 25/03/11"
https://www.saramin.co.kr/zf_user/jobs/relay/view?isMypage=no&rec_idx=50145103,"[도쿄근무]백엔드,서버 주니어 개발자 모집(일본어 필수)",~ 04/03(목) 입사지원,일본 경력무관 초대졸↑ 정규직·계약직,"Python, 웹개발, 백엔드/서버개발, Java, Linux 외 등록일 25/03/04"
https://www.saramin.co.kr/zf_user/jobs/relay/view?isMypage=no&rec_idx=50196637,백엔드 개발자(서울),~ 04/10(목) 입사지원,서울 서초구 경력 4~15년 초대졸↑ 정규직,"Python, 웹개발, 백엔드/서버개발, Java, SE(시스템엔지니어) 외 등록일 25/03/10"
https://www.saramin.co.kr/zf_user/jobs/relay/view?isMypage=no&rec_idx=50152608,[코스닥 상장사] WEBFRONT-K GUI 전문연구요원 개발자 모집,~ 03/31(월) 입사지원,서울 금천구 신입 석사↑ 정규직,"Python, 웹개발, 백엔드/서버개발, Java, Linux 외 수정일 25/03/10"
https://www.saramin.co.kr/zf_user/jobs/relay/view?isMypage=no&rec_idx=50098271,연구과제참여 - 머신/딥러닝 기반 의료영상분석 채용 공고,~ 04/27(일) 입사지원,서울 종로구 신입·경력 대졸↑ 계약직,"Python, AI(인공지능), 머신러닝, 종합병원 등록일 25/02/26"
https://www.saramin.co.kr/zf_user/jobs/relay/view?isMypage=no&rec_idx=50097368,열정 가득한 웹개발자(풀스택/백엔드/프론트엔드) 모집,~ 03/28(금) 입사지원,경남 창원시 경력무관 학력무관 정규직,"Python, 웹개발, 백엔드/서버개발, Java, 프론트엔드 외 수정일 25/02/26"
https://www.saramin.co.kr/zf_user/jobs/relay/view?isMypage=no&rec_idx=50065368,[웨이즈원(주)] 내비게이션 지도 변환기 개발 직무 채용,~ 04/22(화) 입사지원,경기 성남시 분당구 신입·경력 대졸↑ 정규직,"Python, 웹개발, 백엔드/서버개발, C++, AI(인공지능) 외 등록일 25/02/21"
https://www.saramin.co.kr/zf_user/jobs/relay/view?isMypage=no&rec_idx=50167483,제이씨현시스템(주) AI연구소 경력 개발자 모집,~ 04/30(수) 입사지원,서울 용산구 경력 1~5년 대졸↑ 정규직,"Python, 백엔드/서버개발, AI(인공지능), 머신러닝, 딥러닝 외 수정일 25/03/06"
https://www.saramin.co.kr/zf_user/jobs/relay/view?isMypage=no&rec_idx=50176256,2025 새론오토모티브 경력사원 채용(정보화IT),~ 03/28(금) 입사지원,충남 천안시 동남구 경력3년↑ 대졸↑ 정규직,"Python, Java, ERP, RPA, C# 외 등록일 25/03/07"
https://www.saramin.co.kr/zf_user/jobs/relay/view?isMypage=no&rec_idx=50186987,[AI연구소] AI연구원 - Computer Vision AI,~ 04/07(월) 입사지원,서울전체 신입·경력 석사↑ 정규직,"Python, 웹개발, AI(인공지능), 머신러닝, 딥러닝 외 등록일 25/03/07"
https://www.saramin.co.kr/zf_user/jobs/relay/view?isMypage=no&rec_idx=50055910,(주)솔리드이엔지 Cloud - 클라우드 기술 신입 및 경력 모집,채용시 입사지원,대전 유성구 경력무관 학력무관 정규직,"Python, Java, SE(시스템엔지니어), Linux, 기술지원 외 등록일 25/02/20"
https://www.saramin.co.kr/zf_user/jobs/relay/view?isMypage=no&rec_idx=50200098,[경기수원/정규직전환可] IT Administrator (신입-경력3년/영어),채용시 입사지원,경기 수원시 권선구 경력무관 대졸↑ 계약직·파견직 (정규직 전환가능),"Python, C++, C언어, SE(시스템엔지니어), 기술지원 외 수정일 25/03/11"
https://www.saramin.co.kr/zf_user/jobs/relay/view?isMypage=no&rec_idx=50123000,(주)그림 머신비전 SW 소프트웨어 개발자(C++/MFC) 채용,~ 03/30(일) 입사지원,경기 광명시 경력무관 학력무관 정규직·계약직,"Python, C++, 머신러닝, C언어, 빅데이터 외 등록일 25/02/28"
https://www.saramin.co.kr/zf_user/jobs/relay/view?isMypage=no&rec_idx=49871821,클라우드 서버 연구&개발 인력 채용,~ 04/05(토) 입사지원,"부산 해운대구 신입·경력 학력무관 정규직 3,500 만원","Python, 백엔드/서버개발, C++, C언어, 기술지원 외 수정일 25/03/07"
https://www.saramin.co.kr/zf_user/jobs/relay/view?isMypage=no&rec_idx=49921073,[판교] FW개발 연구원 경력 채용,~ 04/07(월) 입사지원,경기 성남시 분당구 경력4년↑ 대졸↑ 정규직,"Python, 웹개발, 백엔드/서버개발, Java, Linux 외 수정일 25/02/06"
https://www.saramin.co.kr/zf_user/jobs/relay/view?isMypage=no&rec_idx=50073393,모바일 결제 솔루션 개발자 신입/경력 채용,~ 03/26(수) 입사지원,서울 금천구 신입·경력 대졸↑ 정규직,"Python, C++, Java, C언어, SE(시스템엔지니어) 외 등록일 25/02/24"
https://www.saramin.co.kr/zf_user/jobs/relay/view?isMypage=no&rec_idx=50039671,[코스닥상장사 수산INT] 사내 보안담당 및 관리자(경력),~ 03/31(월) 입사지원,서울 강남구 경력5년↑ 초대졸↑ 정규직,"Python, 백엔드/서버개발, C언어, Linux, 기술지원 외 등록일 25/02/19"
https://www.saramin.co.kr/zf_user/jobs/relay/view?isMypage=no&rec_idx=50069654,[여의도/자체직전환]나이스평가정보 데이터분석 채용,~ 03/24(월) 입사지원,"서울 영등포구 경력무관 대졸↑ 계약직·파견직 3,200 만원","Python, 데이터분석가, 데이터엔지니어, 빅데이터, 문서작성 외 등록일 25/02/22"
https://www.saramin.co.kr/zf_user/jobs/relay/view?isMypage=no&rec_idx=50169399,[선릉/스타트업/복지우수] 프론트엔드 엔지니어 채용,채용시 입사지원,서울 강남구 경력 3~15년 학력무관 정규직,"Python, 웹개발, C++, C언어, Linux 외 수정일 25/03/11"
https://www.saramin.co.kr/zf_user/jobs/relay/view?isMypage=no&rec_idx=50142041,[다이퀘스트] JAVA 및 WEB 개발자 모집(부산),~ 03/21(금) 입사지원,부산 부산진구 경력3년↑ 대졸↑ 정규직,"Python, 웹개발, Java, AI(인공지능), Linux 외 수정일 25/03/04"
https://www.saramin.co.kr/zf_user/jobs/relay/view?isMypage=no&rec_idx=49827333,[NC QA] 게임QA(신입/경력) 채용,~ 03/16(일) 홈페이지 지원,경기 성남시 분당구 신입·경력 초대졸↑ 정규직·계약직,"Python, Java, QA/테스터, Git, Javascript 외 수정일 25/02/21"
https://www.saramin.co.kr/zf_user/jobs/relay/view?isMypage=no&rec_idx=50043660,[정규직/상장사/복지우수] 네트워크 필드 엔지니어 채용,~ 03/21(금) 입사지원,서울 구로구 경력1년↑ 학력무관 정규직,"Python, SE(시스템엔지니어), 기술지원, 보안컨설팅, 유지보수 외 수정일 25/03/11"
https://www.saramin.co.kr/zf_user/jobs/relay/view?isMypage=no&rec_idx=50086614,[카카오자회사] 개발 Team Leader 영입,~ 03/27(목) 입사지원,경기 성남시 분당구 경력10년↑ 학력무관 정규직,"Python, 웹개발, 백엔드/서버개발, Java, 앱개발 외 등록일 25/02/25"
https://www.saramin.co.kr/zf_user/jobs/relay/view?isMypage=no&rec_idx=50020773,백엔드개발자 O명 모집,~ 03/16(일) 입사지원,서울 영등포구 신입·경력 초대졸↑ 정규직,"Python, C++, Java, 정보보안, 보안 외 등록일 25/02/17"
https://www.saramin.co.kr/zf_user/jobs/relay/view?isMypage=no&rec_idx=50075127,"VR/AR 신입,경력 개발자 모집",~ 03/26(수) 입사지원,"부산 해운대구 경력무관 학력무관 정규직 3,400 만원","Python, C++, 게임개발, 데이터시각화, 모델링 외 수정일 25/03/04"
https://www.saramin.co.kr/zf_user/jobs/relay/view?isMypage=no&rec_idx=50105399,Web Front-End 개발자 채용,상시채용 입사지원,서울 마포구 경력무관 고졸↑ 정규직,"Python, 웹개발, Java, 프론트엔드, ASP 외 등록일 25/02/27"
https://www.saramin.co.kr/zf_user/jobs/relay/view?isMypage=no&rec_idx=50021177,솔루션 웹 개발자 인턴 채용 - 대전,채용시 입사지원,대전 유성구 경력무관 대졸↑ 인턴직 210 만원,"Python, 웹개발, 백엔드/서버개발, Java, Linux 외 수정일 25/03/01"
https://www.saramin.co.kr/zf_user/jobs/relay/view?isMypage=no&rec_idx=50158507,백엔드(서버) 및 프론트 개발 인력 채용,~ 04/04(금) 입사지원,경기 안양시 동안구 경력 1~10년 초대졸↑ 정규직,"Python, 웹개발, 백엔드/서버개발, Java, Linux 외 수정일 25/03/08"
https://www.saramin.co.kr/zf_user/jobs/relay/view?isMypage=no&rec_idx=50151743,2025년 상반기 KAI 신입사원 공개채용(인공지능),~ 03/24(월) 홈페이지 지원,서울 강남구 신입 대졸↑ 정규직,"Python, C++, AI(인공지능), C언어, 빅데이터 외 수정일 25/03/05"
https://www.saramin.co.kr/zf_user/jobs/relay/view?isMypage=no&rec_idx=50106505,"소프트웨어 개발자(프로그래머) 모집( 대전,구미,창원)",~ 03/29(토) 입사지원,대전전체 경력 2~15년 초대졸↑ 정규직,"Python, AI(인공지능), 머신러닝, 딥러닝, 앱개발 외 등록일 25/02/27"
https://www.saramin.co.kr/zf_user/jobs/relay/view?isMypage=no&rec_idx=50069648,[여의도/자체직전환]나이스평가정보 통계분석 채용,~ 03/24(월) 입사지원,"서울 영등포구 경력무관 대졸↑ 계약직·파견직 3,200 만원","Python, 데이터분석가, 데이터엔지니어, 빅데이터, 문서작성 외 등록일 25/02/22"
https://www.saramin.co.kr/zf_user/jobs/relay/view?isMypage=no&rec_idx=50202064,[기술연구소] 데이터 라벨링 및 자료 관리 아르바이트 모집,~ 04/09(수) 입사지원,경기 군포시 경력무관 초대졸↑ 아르바이트,"Python, C++, AI(인공지능), 딥러닝, 기술지원 외 등록일 25/03/10"
https://www.saramin.co.kr/zf_user/jobs/relay/view?isMypage=no&rec_idx=50015809,스쿨버스 백엔드 개발자 / 플로터 Flutter 개발자 채용(경력1년),~ 03/19(수) 입사지원,서울 강서구 경력1년↑ 학력무관 정규직·기간제,"Python, 웹개발, 백엔드/서버개발, Java, AI(인공지능) 외 등록일 25/02/17"
https://www.saramin.co.kr/zf_user/jobs/relay/view?isMypage=no&rec_idx=50193728,(Seoul) Research Engineer Intern · Lunit SCOPE,~ 03/15(토) 홈페이지 지원,서울 강남구 경력무관 초대졸↑ 인턴직,"Python, AI(인공지능), 컴퓨터비전, Pytorch, AI(인공지능) 외 수정일 25/03/10"
https://www.saramin.co.kr/zf_user/jobs/relay/view?isMypage=no&rec_idx=50199383,"LED전광판 기업부설연구소 연구원 정규직 모집(신입, 경력)",~ 05/09(금) 입사지원,서울 금천구 경력무관 초대졸↑ 정규직,"Python, C++, Java, C언어, 기술지원 외 수정일 25/03/11"
https://www.saramin.co.kr/zf_user/jobs/relay/view?isMypage=no&rec_idx=50087483,[폴란드근무/정규직/코스닥/주택차량지원] HP SE(서버 엔지니어),채용시 입사지원,유럽 폴란드 경력 3~7년 학력무관 정규직,"Python, C++, SE(시스템엔지니어), 기술지원, 데이터엔지니어 외 수정일 25/03/11"
https://www.saramin.co.kr/zf_user/jobs/relay/view?isMypage=no&rec_idx=49869761,[대전]리튬팩 전문기업 사원 모집 (신뢰성파트),~ 04/04(금) 입사지원,대전 유성구 경력무관 초대졸↑ 정규직,"Python, C++, Java, SE(시스템엔지니어), Linux 외 등록일 25/02/03"
https://www.saramin.co.kr/zf_user/jobs/relay/view?isMypage=no&rec_idx=49981457,R&D본부 솔루션 QA팀 신입/경력 모집,~ 03/14(금) 입사지원,서울 구로구 경력무관 학력무관 정규직,"Python, 웹개발, 백엔드/서버개발, Java, Linux 외 등록일 25/02/12"
https://www.saramin.co.kr/zf_user/jobs/relay/view?isMypage=no&rec_idx=50199975,[㈜딥엑스][AI반도체] 엔지니어 전문연구요원 상시모집,~ 03/13(목) 홈페이지 지원,경기 성남시 분당구 신입 대졸↑ 정규직,"Python, C++, AI(인공지능), 머신러닝, C언어 외 등록일 25/03/10"
https://www.saramin.co.kr/zf_user/jobs/relay/view?isMypage=no&rec_idx=50090512,[판교] SW개발 연구원 경력 채용(경력 9년 이상),~ 04/26(토) 입사지원,경기 성남시 분당구 경력9년↑ 대졸↑ 정규직,"Python, 웹개발, 백엔드/서버개발, Java, Linux 외 등록일 25/02/25"
https://www.saramin.co.kr/zf_user/jobs/relay/view?isMypage=no&rec_idx=50194894,25년 상반기(3월)생산기술 신입사원 수시채용(공정기술_원통형),~ 03/19(수) 홈페이지 지원,충북 청주시 흥덕구 신입 대졸↑,"Python, R, 공정엔지니어, 기술엔지니어, 공정설계 수정일 25/03/10"
https://www.saramin.co.kr/zf_user/jobs/relay/view?isMypage=no&rec_idx=50168986,[신입] 모바일 RTS 클라이언트 & 서버/MMORPG 서버,~ 05/05(월) 홈페이지 지원,"서울 서초구 신입 학력무관 정규직 4,584 만원","Python, 웹개발, 백엔드/서버개발, C++, Java 외 등록일 25/03/06"
https://www.saramin.co.kr/zf_user/jobs/relay/view?isMypage=no&rec_idx=50080897,AI 리서치 엔지니어 채용,~ 03/25(화) 입사지원,서울전체 신입·경력 대졸↑ 정규직,"Python, AI(인공지능), Pytorch, AI(인공지능), 소프트웨어개발 수정일 25/02/25"
https://www.saramin.co.kr/zf_user/jobs/relay/view?isMypage=no&rec_idx=50073540,[딥브레인AI] 딥러닝 연구원 / 엔지니어 모집 (전문연구요원),~ 04/25(금) 입사지원,서울 강남구 경력무관 석사↑ 정규직,"Python, 머신러닝, 딥러닝, 데이터분석가, 데이터마이닝 외 등록일 25/02/24"
https://www.saramin.co.kr/zf_user/jobs/relay/view?isMypage=no&rec_idx=49998090,Embeded System SW 엔지니어 모집(신입&경력),~ 03/15(토) 입사지원,경기 성남시 분당구 신입·경력 대졸↑ 정규직,"Python, C++, 펌웨어, DevOps, RDBMS 외 수정일 25/02/28"
https://www.saramin.co.kr/zf_user/jobs/relay/view?isMypage=no&rec_idx=50121967,헥토이노베이션 직군별 인재 모집,~ 03/31(월) 홈페이지 지원,서울 강남구 신입·경력 초대졸↑ 정규직,"Python, 웹개발, 백엔드/서버개발, C++, Java 외 수정일 25/02/28"
https://www.saramin.co.kr/zf_user/jobs/relay/view?isMypage=no&rec_idx=48464887,㈜위즈코리아/㈜위즈COK '25년 상반기 신입/경력 사원 모집,~ 03/31(월) 입사지원,서울 강서구 신입·경력 학력무관 정규직·병역특례,"Python, 웹개발, 백엔드/서버개발, C++, Java 외 수정일 25/02/27"
https://www.saramin.co.kr/zf_user/jobs/relay/view?isMypage=no&rec_idx=50111837,"생산분야 신입/경력 집중채용(송도, 원주)",~ 03/16(일) 홈페이지 지원,인천 연수구 신입·경력 대졸↑ 정규직,"Python, R, 시설관리, 설비점검, 생산관리 외 수정일 25/03/05"
https://www.saramin.co.kr/zf_user/jobs/relay/view?isMypage=no&rec_idx=50036781,"자율주행 시뮬레이터 C++, 파이썬 개발자 채용 공고",~ 03/20(목) 입사지원,경기 성남시 수정구 경력 학력무관 정규직,"자율주행, 소프트웨어개발 수정일 25/02/18"
https://www.saramin.co.kr/zf_user/jobs/relay/view?isMypage=no&rec_idx=50126553,[한국갤럽] 각 부문 정규직 모집,~ 03/19(수) 입사지원,서울 종로구 신입·경력 학력무관 정규직,"Python, Java, 데이터분석가, 데이터엔지니어, RDBMS 외 수정일 25/03/04"
https://www.saramin.co.kr/zf_user/jobs/relay/view?isMypage=no&rec_idx=50178806,다우기술 경력•신입 대규모 인재영입,~ 03/19(수) 홈페이지 지원,경기 성남시 신입·경력 초대졸↑ 정규직,"Python, 웹개발, 백엔드/서버개발, C++, Java 외 수정일 25/03/07"
https://www.saramin.co.kr/zf_user/jobs/relay/view?isMypage=no&rec_idx=50156286,(삼성SDS분사社) 비젠트로㈜ 상반기 채용,~ 03/16(일) 입사지원,경기 성남시 신입·경력 고졸↑ 정규직,"Python, Java, Linux, 보안컨설팅, 정보보안 외 수정일 25/03/05"
https://www.saramin.co.kr/zf_user/jobs/relay/view?isMypage=no&rec_idx=50150084,"엑셀 VBA숙련 사무총무인력(파이썬 우대,택배포장지원 등)",~ 04/04(금) 입사지원,경기 부천시 경력1년↑ 초대졸↑ 정규직·계약직 350 만원,"유지보수, ERP, 사무행정, Excel, 개발PM 외 등록일 25/03/05"
https://www.saramin.co.kr/zf_user/jobs/relay/view?isMypage=no&rec_idx=50097037,2025 그린카 경력/신입 상시 모집,~ 03/14(금) 입사지원,서울 강남구 신입·경력 초대졸↑ 정규직·계약직,"Python, 웹개발, 백엔드/서버개발, Java, 머신러닝 외 수정일 25/03/06"
https://www.saramin.co.kr/zf_user/jobs/relay/view?isMypage=no&rec_idx=50032622,"㈜포니링크 IT 사업부, 해외패션사업부, 경영기획본부 등 각 본부 채용",~ 03/31(월) 입사지원,서울 영등포구 신입·경력 고졸↑ 정규직·계약직,"Python, 웹개발, 백엔드/서버개발, C++, Java 외 수정일 25/02/19"
https://www.saramin.co.kr/zf_user/jobs/relay/view?isMypage=no&rec_idx=49760517,[주식회사 스페이스케이] IoT(드론) 파이썬 직무 신입/경력 채용,~ 03/14(금) 입사지원,"전북 전주시 덕진구 경력무관 대졸↑ 정규직 3,000 만원","Pytorch, 아두이노, 교육운영, 기업교육, 소프트웨어개발 등록일 25/01/13"
https://www.saramin.co.kr/zf_user/jobs/relay/view?isMypage=no&rec_idx=50201394,2025년 신입/경력 수시채용,~ 03/23(일) 홈페이지 지원,서울 서초구 신입·경력 대졸↑ 정규직,"Python, C++, C언어, Linux, 데이터분석가 외 수정일 25/03/10"
https://www.saramin.co.kr/zf_user/jobs/relay/view?isMypage=no&rec_idx=50090593,[SW개발] 파이썬 개발자 채용 (5년차 이상),~ 03/27(목) 입사지원,"서울 서초구 경력 5~10년 학력무관 정규직 6,000 만원","웹개발, 앱개발, 광고기획사 수정일 25/02/25"
https://www.saramin.co.kr/zf_user/jobs/relay/view?isMypage=no&rec_idx=50081876,각 부문 경력사원 채용,~ 03/21(금) 홈페이지 지원,서울 중구 경력 대졸↑ 정규직,"Python, C++, 기술지원, 유지보수, S/W 외 수정일 25/03/10"
https://www.saramin.co.kr/zf_user/jobs/relay/view?isMypage=no&rec_idx=50198757,어드밴텍케이알㈜ 2025 상반기 신입경력 채용,~ 03/17(월) 입사지원,서울 강서구 신입·경력 학력무관 정규직·계약직,"Python, 웹개발, 백엔드/서버개발, Java, SE(시스템엔지니어) 외 수정일 25/03/10"
https://www.saramin.co.kr/zf_user/jobs/relay/view?isMypage=no&rec_idx=50178862,AhnLab 3월 경력채용,~ 03/16(일) 접수방법 확인,경기 성남시 분당구 경력 학력무관 정규직,"Python, 웹개발, 백엔드/서버개발, C++, Java 외 수정일 25/03/07"
https://www.saramin.co.kr/zf_user/jobs/relay/view?isMypage=no&rec_idx=50138884,[하이미디어안산점] 파이썬 강사 모집,채용시 입사지원,경기 안산시 단원구 경력2년↑ 고졸↑ 정규직·계약직,"학원강사, 직업훈련, 컴퓨터교육, 직업전문학교, 자격증학원 외 등록일 25/03/04"
https://www.saramin.co.kr/zf_user/jobs/relay/view?isMypage=no&rec_idx=50065281,2025년 상반기 경력 공채,~ 03/17(월) 홈페이지 지원,서울 동대문구 경력 대졸↑ 정규직,"Python, C++, C언어, SE(시스템엔지니어), 데이터분석가 외 수정일 25/03/06"
https://www.saramin.co.kr/zf_user/jobs/relay/view?isMypage=no&rec_idx=50198517,[넥스트칩] 2025년 3월 각 부문 모집,~ 03/31(월) 홈페이지 지원,경기 성남시 분당구 신입·경력 대졸↑ 정규직,"Python, C++, C언어, Linux, 알고리즘 외 수정일 25/03/10"
https://www.saramin.co.kr/zf_user/jobs/relay/view?isMypage=no&rec_idx=50096386,상반기 신입/경력 직원 수시채용,내일마감 홈페이지 지원,서울 영등포구 신입·경력 대졸↑ 정규직,"Python, 웹개발, 백엔드/서버개발, C++, Java 외 수정일 25/02/27"
https://www.saramin.co.kr/zf_user/jobs/relay/view?isMypage=no&rec_idx=50108838,쎄트렉아이 2025 상반기 신입 채용,~ 03/16(일) 홈페이지 지원,대전 유성구 신입 대졸↑ 인턴직,"Python, 웹개발, 백엔드/서버개발, C++, Java 외 수정일 25/02/28"
https://www.saramin.co.kr/zf_user/jobs/relay/view?isMypage=no&rec_idx=50053257,(주)리스큐어바이오사이언시스 상반기 공개채용,~ 03/26(수) 입사지원,경기 성남시 신입·경력 대졸↑ 정규직,"Python, 데이터분석가, 데이터엔지니어, 앱개발, 빅데이터 외 수정일 25/02/21"
https://www.saramin.co.kr/zf_user/jobs/relay/view?isMypage=no&rec_idx=50088039,2025 이노스페이스 신입 / 경력 / 전문연구요원 채용,~ 03/17(월) 홈페이지 지원,세종특별자치시 신입·경력 학력무관 정규직·전문연구요원,"Python, C++, C언어, SE(시스템엔지니어), 기술지원 외 수정일 25/02/28"
https://www.saramin.co.kr/zf_user/jobs/relay/view?isMypage=no&rec_idx=50019871,[(주)레이나] [파이썬 / C#] 프로그램 개발자 채용 (경력),~ 03/19(수) 입사지원,대전 유성구 경력2년↑ 학력무관 정규직,"프로그램설계, 기계, 기계설계 수정일 25/02/17"
https://www.saramin.co.kr/zf_user/jobs/relay/view?isMypage=no&rec_idx=50183937,한국전자기술연구원 전문계약직 연구원 채용 공고,~ 03/16(일) 접수방법 확인,경기 성남시 분당구 신입·경력 고졸↑ 계약직,"Python, 웹개발, 백엔드/서버개발, C++, Java 외 수정일 25/03/10"
https://www.saramin.co.kr/zf_user/jobs/relay/view?isMypage=no&rec_idx=50034014,㈜우진플라임 부문별 인재채용,~ 03/19(수) 입사지원,충북 보은군 신입·경력 학력무관 정규직,"웹개발, 백엔드/서버개발, C++, C언어, 게임개발 외 수정일 25/02/18"
https://www.saramin.co.kr/zf_user/jobs/relay/view?isMypage=no&rec_idx=50152893,[생산/제조] 3월 신입,~ 03/14(금) 홈페이지 지원,전국 신입 대졸↑,"Python, 자율주행, 자율주행, 자동차튜닝, 생산관리 외 수정일 25/03/05"
https://www.saramin.co.kr/zf_user/jobs/relay/view?isMypage=no&rec_idx=50123878,2025년 3월 NE능률 신입 및 경력(수시) 채용,~ 03/31(월) 입사지원,서울 마포구 신입·경력 초대졸↑ 정규직·계약직,"Python, 백엔드/서버개발, Java, SE(시스템엔지니어), Linux 외 수정일 25/03/01"
https://www.saramin.co.kr/zf_user/jobs/relay/view?isMypage=no&rec_idx=50111395,2025 경력 및 신입 사원 인재채용,~ 03/16(일) 홈페이지 지원,서울전체 신입·경력 초대졸↑ 정규직,"웹개발, Linux, RDBMS, JPA, OracleDB 외 수정일 25/03/05"
https://www.saramin.co.kr/zf_user/jobs/relay/view?isMypage=no&rec_idx=50137425,2025년 3월 캐논코리아 신입사원(채용연계형인턴)모집,~ 03/16(일) 홈페이지 지원,서울 강남구 신입 대졸↑ 인턴직,"Python, 웹개발, 백엔드/서버개발, C++, Java 외 수정일 25/03/05"
https://www.saramin.co.kr/zf_user/jobs/relay/view?isMypage=no&rec_idx=50145567,모빌리티네트웍스 신입/경력사원 공개채용,~ 03/14(금) 입사지원,경기 안양시 동안구 신입·경력 대졸↑ 정규직·계약직,"Python, 웹개발, 백엔드/서버개발, 보안컨설팅, 앱개발 외 수정일 25/03/11"
https://www.saramin.co.kr/zf_user/jobs/relay/view?isMypage=no&rec_idx=50102590,㈜피아이이 상반기 경력사원 공개채용,~ 03/31(월) 입사지원,경기 화성시 경력 초대졸↑ 정규직,"Python, C++, Java, AI(인공지능), 머신러닝 외 수정일 25/02/28"
https://www.saramin.co.kr/zf_user/jobs/relay/view?isMypage=no&rec_idx=50111906,2025년 1Q 로봇분야 핵심인재 채용,~ 03/14(금) 홈페이지 지원,경기 성남시 분당구 경력 대졸↑ 정규직,"백엔드/서버개발, C++, Java, C언어, 프론트엔드 외 수정일 25/03/01"
https://www.saramin.co.kr/zf_user/jobs/relay/view?isMypage=no&rec_idx=49988179,파이썬 강사 모십니다,~ 03/14(금) 입사지원,경기 고양시 일산서구 경력무관 초대졸↑ 아르바이트,"학원강사, IT학원 등록일 25/02/12"
https://www.saramin.co.kr/zf_user/jobs/relay/view?isMypage=no&rec_idx=50143955,(주)동화엔텍 25년 상반기 청년인턴(채용전환형) 모집,~ 04/03(목) 입사지원,부산 강서구 신입 대졸↑ 인턴직,"Python, 백엔드/서버개발, AI(인공지능), 머신러닝, 딥러닝 외 수정일 25/03/04"
https://www.saramin.co.kr/zf_user/jobs/relay/view?isMypage=no&rec_idx=48494926,[코스닥 상장사] 이에이트 신입 및 경력 채용,~ 03/31(월) 입사지원,서울 송파구 신입·경력 학력무관 정규직·전문연구요원,"Python, 백엔드/서버개발, C++, Java, AI(인공지능) 외 수정일 25/02/24"
https://www.saramin.co.kr/zf_user/jobs/relay/view?isMypage=no&rec_idx=50171689,디지털사업부문 수시채용,~ 03/16(일) 홈페이지 지원,서울 영등포구 신입·경력 대졸↑ 정규직,"Python, 웹개발, C++, Java, C언어 외 수정일 25/03/06"
https://www.saramin.co.kr/zf_user/jobs/relay/view?isMypage=no&rec_idx=50124417,중헌제약 각 부문 신입/경력 채용,~ 03/16(일) 입사지원,서울 영등포구 경력무관 대졸↑ 정규직,"경영지원, 제약QA, RA, 영업마케팅, 제약영업 외 수정일 25/02/28"
https://www.saramin.co.kr/zf_user/jobs/relay/view?isMypage=no&rec_idx=50156242,도미노피자 각 부문(자회사 포함) 공개 채용,~ 03/31(월) 입사지원,서울 강남구 신입·경력 학력무관 정규직,"Python, 웹개발, 백엔드/서버개발, Java, Linux 외 수정일 25/03/07"
https://www.saramin.co.kr/zf_user/jobs/relay/view?isMypage=no&rec_idx=50108967,2025년 IBK시스템 경력사원 채용,~ 03/18(화) 홈페이지 지원,서울 중구 경력 학력무관 정규직,"Python, 백엔드/서버개발, Java, AI(인공지능), 머신러닝 외 수정일 25/02/28"
https://www.saramin.co.kr/zf_user/jobs/relay/view?isMypage=no&rec_idx=50164788,[DB하이텍 & DB글로벌칩] 경력사원 공개채용 (3월),~ 03/23(일) 홈페이지 지원,경기 부천시 경력2년↑ 대졸↑ 정규직,"노무사, 인사기획, 공정설계, 반도체설계, 반도체 외 수정일 25/03/06"
https://www.saramin.co.kr/zf_user/jobs/relay/view?isMypage=no&rec_idx=50201769,풀스택 소프트웨어엔지니어(3년이하),~ 04/11(금) 입사지원,서울 강남구 신입·경력 대졸↑ 정규직,"Python, 웹개발, 백엔드/서버개발, Java, 프론트엔드 외 등록일 25/03/10"
https://www.saramin.co.kr/zf_user/jobs/relay/view?isMypage=no&rec_idx=50143631,현대자동차그룹 (주)지아이티 연구소 대규모 수시채용,~ 03/31(월) 입사지원,서울 송파구 경력 대졸↑ 인턴직,"Python, 웹개발, 백엔드/서버개발, C++, Java 외 수정일 25/03/06"
https://www.saramin.co.kr/zf_user/jobs/relay/view?isMypage=no&rec_idx=50053767,25년 상반기 공개채용(기술/영업/연구개발),~ 03/31(월) 입사지원,대구 북구 신입·경력 고졸↑ 정규직,"Python, 웹개발, 백엔드/서버개발, C++, Java 외 수정일 25/02/28"
https://www.saramin.co.kr/zf_user/jobs/relay/view?isMypage=no&rec_idx=50123795,동아대학교 정규직(일반직) 채용,13시마감 홈페이지 지원,부산 사하구 신입 대졸↑ 정규직,"교육행정, 사무행정, 전산총무, 교직원, 대학교 외 등록일 25/02/28"
https://www.saramin.co.kr/zf_user/jobs/relay/view?isMypage=no&rec_idx=49865525,㈜푸드테크 상반기 신입/경력 전부문 채용,~ 03/31(월) 입사지원,서울 강남구 신입·경력 초대졸↑ 정규직·계약직,"Python, 웹개발, 백엔드/서버개발, C++, Java 외 수정일 25/03/11"
https://www.saramin.co.kr/zf_user/jobs/relay/view?isMypage=no&rec_idx=50187106,데이터분석가 신입/경력 채용,~ 04/06(일) 점핏에서 지원,서울전체 신입·경력 대졸↑ 정규직,"Python, AI(인공지능), 머신러닝, 딥러닝, SE(시스템엔지니어) 외 등록일 25/03/07"
https://www.saramin.co.kr/zf_user/jobs/relay/view?isMypage=no&rec_idx=49944028,(무료교육) 지능형 앱 루키즈 개발자 양성과정 선착순 모집,~ 03/17(월) 홈페이지 지원,전국 신입 학력무관 교육생,"Python, 백엔드/서버개발, Java, AI(인공지능), 머신러닝 외 수정일 25/02/21"
https://www.saramin.co.kr/zf_user/jobs/relay/view?isMypage=no&rec_idx=50181673,2025년 신입/경력사원 채용,~ 03/23(일) 입사지원,서울 구로구 신입·경력 학력무관 정규직,"Python, 머신러닝, Linux, 데이터분석가, 보안컨설팅 외 수정일 25/03/07"
https://www.saramin.co.kr/zf_user/jobs/relay/view?isMypage=no&rec_idx=50139508,[무료교육] intel AI 인재양성 교육생 모집,~ 04/02(수) 홈페이지 지원,서울 강남구 경력무관 학력무관 교육생,"Python, 웹개발, 백엔드/서버개발, C++, Java 외 수정일 25/03/05"
https://www.saramin.co.kr/zf_user/jobs/relay/view?isMypage=no&rec_idx=50033799,"연구개발부 채용(프론트엔드/백엔드 개발자, 응용 프로그래머)",~ 03/20(목) 입사지원,대구 수성구 경력 학력무관 정규직,"Python, 웹개발, 백엔드/서버개발, C++, Java 외 수정일 25/02/18"
https://www.saramin.co.kr/zf_user/jobs/relay/view?isMypage=no&rec_idx=49286279,LSP 신입/경력 채용,상시채용 입사지원,서울 강남구 신입·경력 학력무관 정규직,"Python, 웹개발, 앱개발, 프론트엔드, SI개발 외 수정일 25/01/24"
https://www.saramin.co.kr/zf_user/jobs/relay/view?isMypage=no&rec_idx=50053707,에이엠㈜ 신입/경력 채용 모집,~ 03/22(토) 입사지원,경기 과천시 신입·경력 대졸↑ 정규직,"Python, 웹개발, 백엔드/서버개발, C++, Java 외 수정일 25/02/21"
https://www.saramin.co.kr/zf_user/jobs/relay/view?isMypage=no&rec_idx=50076374,[컬리넥스트마일] 물류/배송 데이터 관리 담당자 채용,~ 03/26(수) 입사지원,서울 송파구 경력무관 초대졸↑ 정규직,"Python, 데이터분석가, 데이터엔지니어, 데이터라벨링, 데이터시각화 외 수정일 25/02/24"
https://www.saramin.co.kr/zf_user/jobs/relay/view?isMypage=no&rec_idx=50100478,나이스피앤아이 2025년 1분기 공개채용,~ 03/16(일) 홈페이지 지원,서울 영등포구 신입·경력 대졸↑ 정규직,"Python, 백엔드/서버개발, C++, Java, 데이터분석가 외 수정일 25/03/04"
https://www.saramin.co.kr/zf_user/jobs/relay/view?isMypage=no&rec_idx=50153201,웹 앱 개발 풀스텍 백엔드 신입,~ 04/03(목) 점핏에서 지원,경기전체 신입·경력 학력무관 정규직,"Python, 웹개발, 백엔드/서버개발, Java, 퍼블리셔 외 등록일 25/03/05"
https://www.saramin.co.kr/zf_user/jobs/relay/view?isMypage=no&rec_idx=50110527,2025년 3차 정규직 및 실무직 공개채용,~ 03/19(수) 홈페이지 지원,경기 성남시 분당구 경력무관 학력무관 정규직·무기계약직,"Python, AI(인공지능), 딥러닝, 네트워크, 알고리즘 외 수정일 25/03/04"
https://www.saramin.co.kr/zf_user/jobs/relay/view?isMypage=no&rec_idx=50196645,[AI Model팀] AI연구소 데이터 사이언티스트 정규직 채용,채용시 입사지원,서울 서초구 경력무관 대졸↑ 정규직,"Python, AI(인공지능), 머신러닝, 딥러닝, 데이터분석가 외 수정일 25/03/10"
https://www.saramin.co.kr/zf_user/jobs/relay/view?isMypage=no&rec_idx=50185330,[어니컴(주)] 데이터 분석가 신입/경력 모집,~ 04/06(일) 입사지원,서울 용산구 경력무관 대졸↑ 정규직,"Python, AI(인공지능), 데이터분석가, 빅데이터, R 외 등록일 25/03/07"
https://www.saramin.co.kr/zf_user/jobs/relay/view?isMypage=no&rec_idx=49993945,"채용(전략기획, 캠퍼스지원, 마케팅디자인, R&D, IT, 출판)",~ 03/16(일) 입사지원,서울 송파구 신입·경력 학력무관 정규직,"Python, 백엔드/서버개발, Java, AI(인공지능), 머신러닝 외 수정일 25/02/25"
https://www.saramin.co.kr/zf_user/jobs/relay/view?isMypage=no&rec_idx=50196202,[큐알티] 상반기 각 분야별 경력/신입 채용,~ 03/30(일) 홈페이지 지원,경기 수원시 영통구 신입·경력 학력무관 정규직,"S/W, 자금관리, QA, QC, 경영기획 외 수정일 25/03/10"
https://www.saramin.co.kr/zf_user/jobs/relay/view?isMypage=no&rec_idx=50042712,"[지능형 로보틱스 플랫폼] AI 플랫폼,디바이스S/W, 펌웨어 개발",~ 03/31(월) 입사지원,서울 강남구 경력무관 학력무관 정규직,"Python, C++, AI(인공지능), 머신러닝, C언어 외 등록일 25/02/19"
https://www.saramin.co.kr/zf_user/jobs/relay/view?isMypage=no&rec_idx=50202806,통합보안관리 솔루션 기술 엔지니어(신입),~ 04/08(화) 입사지원,서울전체 신입·경력 초대졸↑ 정규직,"Python, 웹개발, Java, 머신러닝, 딥러닝 외 등록일 25/03/10"
https://www.saramin.co.kr/zf_user/jobs/relay/view?isMypage=no&rec_idx=50078509,[CMES] 에너지본부(이차전지 검사사업부) 채용,~ 03/23(일) 입사지원,충북 청주시 신입·경력 초대졸↑ 정규직,"Python, C++, Java, AI(인공지능), SE(시스템엔지니어) 외 수정일 25/02/24"
https://www.saramin.co.kr/zf_user/jobs/relay/view?isMypage=no&rec_idx=49692741,2025년 각 부문 상반기 채용,~ 03/13(목) 입사지원,경기 용인시 처인구 경력무관 대졸↑ 정규직,"기술지원, 유지보수, 알고리즘, 정보통신, S/W 외 수정일 25/02/06"
https://www.saramin.co.kr/zf_user/jobs/relay/view?isMypage=no&rec_idx=50060471,인프라 운영 관리( 시스템 엔지니어 ) #유연근무#정규직#선릉역,~ 03/23(일) 입사지원,서울 강남구 경력무관 학력무관 정규직,"Python, SE(시스템엔지니어), Linux, 유지보수, 정보보안 외 수정일 25/03/04"
https://www.saramin.co.kr/zf_user/jobs/relay/view?isMypage=no&rec_idx=49986502,"[일본/ CAL주식회사] WEB/ IT 개발자 채용, 미경험 신입 대환영",~ 03/14(금) 입사지원,"일본 경력무관 초대졸↑ 정규직 3,600 만원","Python, 웹개발, 백엔드/서버개발, Java, AI(인공지능) 외 등록일 25/02/12"
https://www.saramin.co.kr/zf_user/jobs/relay/view?isMypage=no&rec_idx=50126936,2025년 (주)더캐리 IT인력(정보혁신부) 전 부문 공개채용,~ 03/16(일) 입사지원,서울 강남구 경력무관 대졸↑ 정규직,"Python, 웹개발, 백엔드/서버개발, Java, 데이터분석가 외 수정일 25/02/28"
https://www.saramin.co.kr/zf_user/jobs/relay/view?isMypage=no&rec_idx=49744626,서울아산병원 의생명공학 & 의료정보학 연구실 연구원 모집,오늘마감 입사지원,"서울 송파구 경력무관 대졸↑ 위촉직 3,600 만원","Python, AI(인공지능), 머신러닝, 딥러닝, Linux 외 수정일 25/01/15"
https://www.saramin.co.kr/zf_user/jobs/relay/view?isMypage=no&rec_idx=50145543,[NARA SPACE] 각 부문별 직원모집,상시채용 입사지원,서울 영등포구 신입·경력 초대졸↑ 정규직,"웹개발, 백엔드/서버개발, SE(시스템엔지니어), 데이터엔지니어, 프론트엔드 외 수정일 25/03/05"
https://www.saramin.co.kr/zf_user/jobs/relay/view?isMypage=no&rec_idx=50201374,ICT 운영 경력사원 채용 (사원~대리급),~ 04/08(화) 입사지원,서울 중구 경력 1~7년 대졸↑ 정규직,"Python, 백엔드/서버개발, SE(시스템엔지니어), 데이터분석가, 유지보수 외 수정일 25/03/10"
https://www.saramin.co.kr/zf_user/jobs/relay/view?isMypage=no&rec_idx=49826150,헬스케어 인공지능 모델 개발 및 데이터 분석 PM 채용,상시채용 입사지원,서울 영등포구 경력무관 대졸↑ 정규직,"Python, AI(인공지능), 머신러닝, 딥러닝, Linux 외 수정일 25/01/23"
https://www.saramin.co.kr/zf_user/jobs/relay/view?isMypage=no&rec_idx=50050397,전 부문 채용,~ 04/20(일) 입사지원,경기 성남시 분당구 신입·경력 초대졸↑ 정규직,"Python, 백엔드/서버개발, C++, SE(시스템엔지니어), 자율주행 외 수정일 25/03/07"
https://www.saramin.co.kr/zf_user/jobs/relay/view?isMypage=no&rec_idx=48103965,엔씨소프트 전 부문 수시 채용,~ 05/14(수) 홈페이지 지원,경기 성남시 분당구 신입·경력 학력무관 정규직,"Python, 백엔드/서버개발, Java, 머신러닝, C언어 외 수정일 24/11/06"
https://www.saramin.co.kr/zf_user/jobs/relay/view?isMypage=no&rec_idx=50172071,AI 인턴사원 채용 모집(한국평가데이터),~ 04/05(토) 홈페이지 지원,서울 영등포구 경력무관 초대졸↑ 인턴직,"Python, AI(인공지능), 데이터엔지니어, 통계/분석, 데이터분석 외 수정일 25/03/06"
https://www.saramin.co.kr/zf_user/jobs/relay/view?isMypage=no&rec_idx=50156789,로봇/로보틱스 S/W 엔지니어 모집(인턴/신입/경력/전문연구요원),~ 04/04(금) 입사지원,경기 광명시 신입·경력 대졸↑ 정규직·인턴직,"Python, 백엔드/서버개발, C++, C언어, SE(시스템엔지니어) 외 등록일 25/03/05"
https://www.saramin.co.kr/zf_user/jobs/relay/view?isMypage=no&rec_idx=50061657,[대기업/나이스평가정보]데이터분석 or 통계분석 지원 팀원 채용,~ 03/23(일) 입사지원,서울 영등포구 경력무관 초대졸↑ 파견직,"Python, 웹개발, 백엔드/서버개발, Java, 데이터분석가 외 수정일 25/03/05"
https://www.saramin.co.kr/zf_user/jobs/relay/view?isMypage=no&rec_idx=50196063,[카카오자회사] 사내 보안 포털 구축/운영 Back-end 개발자,~ 04/09(수) 입사지원,경기 성남시 분당구 경력 5~11년 학력무관 정규직,"Python, 웹개발, 백엔드/서버개발, Java, Linux 외 등록일 25/03/10"
https://www.saramin.co.kr/zf_user/jobs/relay/view?isMypage=no&rec_idx=49996905,[슈어소프트테크] 2025 신입 / 경력 채용,~ 03/15(토) 입사지원,경기 성남시 수정구 신입·경력 초대졸↑ 정규직,"Python, 웹개발, C++, Java, C언어 외 수정일 25/02/25"
https://www.saramin.co.kr/zf_user/jobs/relay/view?isMypage=no&rec_idx=50186401,플랫폼 개발자 채용공고,~ 04/06(일) 입사지원,서울전체 신입·경력 학력무관 정규직,"Python, 웹개발, 백엔드/서버개발, 퍼블리셔, 프론트엔드 외 등록일 25/03/07"
https://www.saramin.co.kr/zf_user/jobs/relay/view?isMypage=no&rec_idx=50183761,파이썬 백엔드 개발자,~ 05/06(화) 입사지원,서울 강남구 경력 5~15년 대졸↑ 정규직,"웹개발, 백엔드/서버개발, 앱개발, 모바일APP 수정일 25/03/07"
https://www.saramin.co.kr/zf_user/jobs/relay/view?isMypage=no&rec_idx=49984359,[경력AI 개발] Full stack 개발자/React/Python,~ 03/14(금) 입사지원,서울 금천구 경력5년↑ 대졸↑ 정규직,"Python, 웹개발, 백엔드/서버개발, 머신러닝, 앱개발 외 등록일 25/02/12"
https://www.saramin.co.kr/zf_user/jobs/relay/view?isMypage=no&rec_idx=49802212,[로봇] ROS2 기반 로봇 소프트웨어 엔지니어 (Python /로봇비전),~ 03/19(수) 입사지원,경기 성남시 수정구 경력 3~9년 대졸↑ 정규직,"Python, C++, AI(인공지능), 딥러닝, 음성인식 외 수정일 25/02/09"
https://www.saramin.co.kr/zf_user/jobs/relay/view?isMypage=no&rec_idx=50101955,시스템 엔지니어 java 또는 Python 가능자,~ 03/28(금) 입사지원,서울 강남구 경력 4~12년 대졸↑ 정규직,"Python, 백엔드/서버개발, Java, 프론트엔드, 빅데이터 외 등록일 25/02/26"
https://www.saramin.co.kr/zf_user/jobs/relay/view?isMypage=no&rec_idx=50007629,Python 백엔드 개발자,~ 03/15(토) 입사지원,서울 마포구 경력 3~5년 학력무관 정규직,"Python, 웹개발, 백엔드/서버개발, 프론트엔드, DBA 외 등록일 25/02/14"
https://www.saramin.co.kr/zf_user/jobs/relay/view?isMypage=no&rec_idx=50066054,"[계약직] Python, Vue 3 기반 부품 설계 웹플랫폼 개선",채용시 입사지원,경기 수원시 장안구 경력5년↑ 학력무관 계약직 600 만원,"Python, 웹개발, 백엔드/서버개발, 프론트엔드, 반응형웹 외 수정일 25/02/21"
https://www.saramin.co.kr/zf_user/jobs/relay/view?isMypage=no&rec_idx=50125648,[KSTEC] Python 시스템 개발 경력사원 채용,~ 03/31(월) 입사지원,경기 성남시 분당구 경력 1~7년 대졸↑ 정규직,"Python, Java, AI(인공지능), OCR, RPA 외 등록일 25/02/28"
https://www.saramin.co.kr/zf_user/jobs/relay/view?isMypage=no&rec_idx=50208077,컴퓨터비전 엔지니어(Python) 채용공고,상시채용 입사지원,경기 오산시 경력 3~5년 대졸↑ 정규직,"Python, 머신러닝, 영상처리, 이미지프로세싱, 임베디드 외 수정일 25/03/11"
https://www.saramin.co.kr/zf_user/jobs/relay/view?isMypage=no&rec_idx=50007634,Python 백엔드 개발자_6년~8년,~ 03/15(토) 입사지원,서울 마포구 경력 6~8년 학력무관 정규직,"Python, 웹개발, 백엔드/서버개발, 프론트엔드, DBA 외 등록일 25/02/14"
https://www.saramin.co.kr/zf_user/jobs/relay/view?isMypage=no&rec_idx=50132825,[헬스케어 스타트업] Python,~ 04/02(수) 입사지원,서울 강남구 경력3년↑ 대졸↑ 정규직,"Python, 의료기기 등록일 25/03/03"
https://www.saramin.co.kr/zf_user/jobs/relay/view?isMypage=no&rec_idx=50126642,[개발팀]NestJS+Python 백엔드 경력직 개발자 채용,~ 03/30(일) 입사지원,서울 금천구 경력5년↑ 대졸↑ 정규직,"Python, 백엔드/서버개발, Java, AWS, GCP 외 등록일 25/02/28"
https://www.saramin.co.kr/zf_user/jobs/relay/view?isMypage=no&rec_idx=50055101,라이나생명 SM 업무(Python/딥러닝/금융권 경력),~ 03/22(토) 입사지원,서울 종로구 경력 5~20년 학력무관 정규직·프리랜서,"웹개발, 딥러닝, Pytorch, SI·시스템통합, 소프트웨어개발 수정일 25/02/23"
https://www.saramin.co.kr/zf_user/jobs/relay/view?isMypage=no&rec_idx=50052702,[국비무료IT취업]자바파이썬/웹개발/빅데이터/인공지능,~ 03/13(목) 입사지원,서울전체 경력무관 학력무관 교육생,"Python, 웹개발, 백엔드/서버개발, Java, AI(인공지능) 외 수정일 25/03/07"
https://www.saramin.co.kr/zf_user/jobs/relay/view?isMypage=no&rec_idx=49985503,파이썬(Python) 및 앱(ios/안드로이드) 개발자 모집중,~ 04/13(일) 입사지원,"대구 동구 경력3년↑ 초대졸↑ 정규직 4,000 만원","Python, 소프트웨어개발 등록일 25/02/12"
https://www.saramin.co.kr/zf_user/jobs/relay/view?isMypage=no&rec_idx=50060432,"[견우푸드] ERP, RPA 개발자 채용(파이썬,C#)",~ 03/23(일) 입사지원,경기 광주시 경력1년↑ 학력무관 정규직·계약직,"Python, ERP, RPA, C#, CSS 외 수정일 25/03/07"
https://www.saramin.co.kr/zf_user/jobs/relay/view?isMypage=no&rec_idx=50126826,노츠 자동화 테스트 엔지니어 모집(파이썬),~ 03/31(월) 입사지원,서울 성동구 경력1년↑ 초대졸↑ 계약직·프리랜서,"Python, 웹개발, SE(시스템엔지니어), 유지보수, QA/테스터 외 등록일 25/02/28"
https://www.saramin.co.kr/zf_user/jobs/relay/view?isMypage=no&rec_idx=50131907,데이터사이언티스트(AI.ML.딥러닝.대용량데이터.SQL.Python),~ 04/01(화) 입사지원,서울 강남구 경력 4~15년 대졸↑ 정규직,"백엔드/서버개발, AI(인공지능), 머신러닝, 데이터분석가, 데이터엔지니어 외 등록일 25/03/02"
https://www.saramin.co.kr/zf_user/jobs/relay/view?isMypage=no&rec_idx=50127037,시니어 파이썬 백엔드 엔지니어 채용,~ 03/29(토) 입사지원,서울 강남구 경력 5~15년 학력무관 정규직,"Python, 웹개발, 백엔드/서버개발, SE(시스템엔지니어), 인프라 외 등록일 25/02/28"
https://www.saramin.co.kr/zf_user/jobs/relay/view?isMypage=no&rec_idx=50159215,파이썬 프로그램 개발자 채용,~ 04/03(목) 점핏에서 지원,서울 성동구 신입·경력 초대졸↑ 정규직,"Python, 웹개발, 백엔드/서버개발, SE(시스템엔지니어), Linux 외 등록일 25/03/05"
https://www.saramin.co.kr/zf_user/jobs/relay/view?isMypage=no&rec_idx=50021473,[Python] 인덕원 농협 생성형 AI Python 개발자 모집,~ 03/19(수) 입사지원,서울 구로구 경력5년↑ 학력무관 정규직·계약직,"Python, 백엔드/서버개발, API, Git, Jenkins 외 등록일 25/02/17"
https://www.saramin.co.kr/zf_user/jobs/relay/view?isMypage=no&rec_idx=49794947,세븐미어캣 Python 백엔드 개발자 인재채용,~ 03/18(화) 입사지원,경기 시흥시 경력2년↑ 학력무관 정규직,"웹개발, 백엔드/서버개발, 소프트웨어개발 등록일 25/01/17"
https://www.saramin.co.kr/zf_user/jobs/relay/view?isMypage=no&rec_idx=50157972,[PYTHON/JAVA SM 시청] 대기업 내부시스템 개발 운영 (9),~ 04/04(금) 입사지원,서울 중구 경력6년↑ 초대졸↑ 프리랜서,"웹개발, 소프트웨어개발 등록일 25/03/05"
https://www.saramin.co.kr/zf_user/jobs/relay/view?isMypage=no&rec_idx=49959384,"메가스터디IT아카데미 프로그래밍(파이썬, C언어, JAVA)강사채용",채용시 입사지원,서울 강남구 경력무관 초대졸↑ 계약직,"Python, 웹개발, C++, Java, C언어 외 등록일 25/02/10"
https://www.saramin.co.kr/zf_user/jobs/relay/view?isMypage=no&rec_idx=50209419,AI 풀스택 엔지니어/python/3~7년/AI 솔루션벤처,~ 03/25(화) 입사지원,서울 서초구 경력 3~7년 대졸↑ 정규직,"Python, 웹개발, C++, AI(인공지능), 반응형웹 외 등록일 25/03/11"
https://www.saramin.co.kr/zf_user/jobs/relay/view?isMypage=no&rec_idx=49997571,[NIKE PARTNER] 파이썬 back-end 개발자 채용,~ 03/15(토) 입사지원,서울 영등포구 경력무관 초대졸↑ 계약직,"Python, 웹개발, 백엔드/서버개발, 데이터분석가, 앱개발 외 등록일 25/02/13"
https://www.saramin.co.kr/zf_user/jobs/relay/view?isMypage=no&rec_idx=49965832,"AI기초 / SW분야 강사 구인 (파이썬, C#, 머신러닝)",~ 03/13(목) 입사지원,광주 동구 경력1년↑ 초대졸↑ 파트·계약직,"Python, Java, 머신러닝, 딥러닝, 클라우드 외 수정일 25/02/12"
https://www.saramin.co.kr/zf_user/jobs/relay/view?isMypage=no&rec_idx=49777462,Python developer and customer service engineer,~ 03/16(일) 입사지원,경기 화성시 경력3년↑ 대졸↑ 정규직,"기술지원, 데이터분석가, 데이터엔지니어, 유지보수, 소프트웨어개발 수정일 25/02/18"
https://www.saramin.co.kr/zf_user/jobs/relay/view?isMypage=no&rec_idx=50090559,[SW개발] 파이썬 개발자 채용 (경력무관),~ 03/27(목) 입사지원,"서울 서초구 경력무관 학력무관 정규직 4,500 만원","웹개발, 앱개발, 광고기획사 수정일 25/02/25"
https://www.saramin.co.kr/zf_user/jobs/relay/view?isMypage=no&rec_idx=50169269,[인천 송도 근무] 파이썬 개발자 사원 채용,채용시 입사지원,인천 연수구 경력무관 학력무관 정규직,"Python, 웹개발, 백엔드/서버개발, C++, Java 외 등록일 25/03/06"
https://www.saramin.co.kr/zf_user/jobs/relay/view?isMypage=no&rec_idx=50126906,[(주)아이젝스] Mac Agent 파이썬 개발자 채용 공고,~ 03/31(월) 입사지원,서울 금천구 경력2년↑ 초대졸↑ 정규직,"Python, MacOS, 솔루션업체, 소프트웨어개발 등록일 25/02/28"
https://www.saramin.co.kr/zf_user/jobs/relay/view?isMypage=no&rec_idx=50063110,[바른손카드] Back-End 개발자 ( JAVA/Python )5년이상,~ 03/23(일) 입사지원,서울 용산구 경력5년↑ 초대졸↑ 정규직,"웹개발, 퍼블리셔, 프론트엔드, 반응형웹, 스크립트 외 등록일 25/02/21"
https://www.saramin.co.kr/zf_user/jobs/relay/view?isMypage=no&rec_idx=50133376,[Semi-반도체] Python Developer & CS Engineer 채용,~ 04/02(수) 입사지원,경기 화성시 경력1년↑ 대졸↑ 정규직,"SE(시스템엔지니어), 반도체 등록일 25/03/03"
https://www.saramin.co.kr/zf_user/jobs/relay/view?isMypage=no&rec_idx=50200320,"백엔드 엔지니어 (Backend Engineer(Senior, Python))",상시채용 입사지원,서울 강서구 경력4년↑ 대졸↑ 정규직·계약직,"AI(인공지능), 머신러닝, 딥러닝, 빅데이터, 알고리즘 외 등록일 25/03/10"
https://www.saramin.co.kr/zf_user/jobs/relay/view?isMypage=no&rec_idx=50198982,[플레이오] Python 백엔드 개발,~ 04/09(수) 입사지원,서울 서초구 경력 3~7년 학력무관 정규직,"Python, 웹개발, 백엔드/서버개발, 프론트엔드, DBA 외 수정일 25/03/11"
https://www.saramin.co.kr/zf_user/jobs/relay/view?isMypage=no&rec_idx=49792767,"프로그램 개발자 모집(Machine Vision, AI(Python), C, C#, C++)",~ 03/18(화) 입사지원,경북 포항시 남구 경력5년↑ 초대졸↑ 정규직,"AI(인공지능), SE(시스템엔지니어), SI개발, 알고리즘, 영상처리 외 수정일 25/03/11"
https://www.saramin.co.kr/zf_user/jobs/relay/view?isMypage=no&rec_idx=49764207,[서울거래 비상장] 백엔드 Python 개발자 모집,~ 03/14(금) 입사지원,서울 영등포구 경력 3~6년 초대졸↑ 정규직,"백엔드/서버개발, 네트워크, 핀테크, RDBMS, Angular 외 등록일 25/01/13"
https://www.saramin.co.kr/zf_user/jobs/relay/view?isMypage=no&rec_idx=49952762,[Catalyst] 생성형 AI Python Fullstack 개발자,~ 03/31(월) 입사지원,서울 강남구 경력5년↑ 학력무관 정규직,"웹개발, 백엔드/서버개발, SI개발, 반응형웹, 서비스기획 외 수정일 25/02/24"
https://www.saramin.co.kr/zf_user/jobs/relay/view?isMypage=no&rec_idx=50099198,"Java, Python 개발 인력 채용 (경력 5년 이상)",~ 03/28(금) 입사지원,서울 송파구 경력5년↑ 초대졸↑ 정규직,"Python, 백엔드/서버개발, Java, Spring, 시스템관리 외 등록일 25/02/26"
https://www.saramin.co.kr/zf_user/jobs/relay/view?isMypage=no&rec_idx=50100810,파이썬 개발자 채용(경력),~ 03/29(토) 입사지원,서울 강남구 경력1년↑ 학력무관 정규직,"Python, 백엔드/서버개발, AI(인공지능), 데이터분석가, 데이터엔지니어 외 등록일 25/02/26"
https://www.saramin.co.kr/zf_user/jobs/relay/view?isMypage=no&rec_idx=50186674,핀테크 스타트업 백엔드 개발자 (파이썬),~ 04/06(일) 입사지원,서울 영등포구 경력1년↑ 대졸↑ 정규직,"Python, 백엔드/서버개발, 인터넷금융 등록일 25/03/07"
